folio,foliohog,id_calefac,calef_tipo,calef_otro,calef_dia,calef_hor,calef_min,calef_adqu,calef_anio
28,1,1,1, ,10,03,00,1,09
39,1,1,2, ,30,08,00,1,01
57,1,1,3, ,6,01,00,1,10
58,1,1,3, ,30,04,00,1,04
68,1,1,1, ,60,03,00,1,01
70,1,1,3, ,20,04,00,1,02
70,1,2,2, ,5,10,00,1,01
98,1,1,2, ,20,04,00,1,01
99,1,1,3, ,40,08,00,1,02
100,1,1,3, ,15,02,00,1,15
105,1,1,4, ,5,02,00,1,04
111,1,1,4, ,30,01,00,1,10
122,1,1,1, ,1,01,00,1,02
132,1,1,2, ,60,02,00,1,01
161,1,1,1, ,90,04,00,1,08
161,1,2,1, ,90,04,00,1,08
195,1,1,2, ,60,08,00,1,02
197,1,1,2, ,60,06,00,1,10
207,1,1,3, ,30,02,00,1,02
264,1,1,2, ,30,08,00,1,01
281,1,1,2, ,60,01,00,1,01
309,1,1,2, ,60,08,00,2,06
313,1,1,3, ,60,08,00,2,02
313,1,2,3, ,60,04,00,2,02
314,1,1,3, ,20,01,00,1,03
363,1,1,1, ,30,02,00,1,05
418,1,1,1, ,15,00,30,1,01
426,1,1,2, ,60,02,00,1,01
457,1,1,2, ,8,02,00,1,01
490,1,1,3, ,6,02,00,1,06
497,1,1,1, ,70,03,00,1,08
502,1,1,4, ,2,07,00,1,03
534,1,1,4, ,4,01,00,1,01
550,1,1,2, ,8,08,00,1,08
589,1,1,4, ,30,02,00,1,04
593,1,1,2, ,30,02,00,1,04
623,1,1,2, ,30,04,00,2,01
670,1,1,1, ,2,03,00,1,03
676,1,1,3, ,6,01,00,1,03
688,1,1,3, ,7,01,00,1,03
706,1,1,1, ,15,02,00,1,01
706,1,2,3, ,30,02,00,1,02
750,1,1,5,PORTATIL,30,03,00,1,01
765,1,1,4, ,30,01,00,1,07
767,1,1,3, ,20,01,00,1,02
797,1,1,1, ,30,01,00,1,05
827,1,1,1, ,1,05,00,1,05
837,1,1,2, ,15,06,00,2,99
857,1,1,3, ,30,08,00,1,02
858,1,2,3, ,30,01,00,1,05
858,1,1,1, ,30,00,30,1,05
861,1,1,1, ,15,01,00,1,02
871,1,1,3, ,30,05,00,1,01
879,1,1,1, ,60,12,00,1,05
881,1,1,2, ,30,01,00,1,01
882,1,1,3, ,30,00,30,1,01
883,1,1,2, ,10,02,00,1,01
932,1,1,2, ,30,01,00,1,04
933,1,1,2, ,20,00,30,1,01
973,1,1,4, ,15,02,00,1,01
975,1,1,1, ,30,03,00,1,02
991,1,1,3, ,30,01,00,1,01
998,1,1,3, ,2,01,00,2,02
1006,1,1,3, ,60,01,00,1,03
1009,1,1,1, ,30,06,00,1,01
1034,1,1,1, ,30,07,00,1,02
1054,1,1,3, ,90,01,00,1,05
1055,1,1,2, ,90,04,00,1,08
1114,1,1,2, ,60,01,00,1,03
1124,1,1,4, ,15,02,00,1,02
1141,1,2,2, ,60,03,00,1,02
1141,1,1,1, ,60,03,00,1,03
1156,1,1,1, ,15,02,00,1,01
1157,1,1,3, ,20,02,00,2,02
1160,1,1,3, ,45,12,00,1,01
1161,1,1,2, ,30,01,00,1,07
1171,1,1,3, ,4,04,00,1,02
1181,1,1,1, ,30,12,00,1,05
1221,1,1,4, ,90,06,00,2,03
1224,1,1,2, ,7,06,00,1,01
1225,1,1,2, ,7,02,00,1,02
1234,1,1,2, ,90,02,00,1,06
1244,1,1,2, ,2,06,00,1,06
1247,1,1,2, ,90,03,00,2,08
1253,1,1,2, ,7,03,00,1,01
1256,1,1,1, ,90,01,00,1,08
1269,1,1,1, ,2,00,02,1,08
1277,1,1,3, ,30,02,00,2,01
1280,1,1,1, ,90,02,00,1,02
1288,1,1,2, ,2,01,00,2,04
1306,1,1,3, ,30,99,99,1,01
1340,1,1,3, ,30,02,00,1,04
1358,1,1,3, ,30,00,30,2,03
1372,1,1,2, ,3,03,00,1,02
1373,1,1,4, ,36,03,00,1,08
1375,1,1,1, ,15,04,00,2,02
1377,1,1,1, ,15,12,00,1,01
1396,1,1,3, ,7,04,00,1,01
1403,1,1,2, ,30,01,30,1,08
1421,1,1,3, ,14,00,30,1,10
1428,1,1,3, ,20,03,00,1,03
1449,1,1,4, ,20,00,30,1,02
1521,1,1,2, ,30,04,00,1,03
1532,1,1,1, ,8,04,00,2,01
1533,1,1,5,MINI SPLIT,12,03,00,1,01
1546,1,1,2, ,15,04,00,2,01
1559,1,1,2, ,15,01,00,2,01
1563,1,1,3, ,30,02,00,2,04
1564,1,1,2, ,22,03,00,1,03
1565,1,1,2, ,60,03,00,1,03
1565,1,2,2, ,60,02,30,1,03
1569,1,1,2, ,24,00,15,1,02
1595,1,1,2, ,1,01,00,2,01
1607,1,1,3, ,30,00,20,1,05
1724,1,1,4, ,30,02,00,1,10
1726,1,1,4, ,30,06,00,1,01
1727,1,1,2, ,16,02,00,1,06
1746,1,1,2, ,12,05,00,2,01
1747,1,1,2, ,7,00,30,1,04
1842,1,2,1, ,3,04,00,1,03
1842,1,1,1, ,3,04,00,1,06
1896,1,1,1, ,60,08,00,1,01
1984,1,1,1, ,120,05,00,1,02
2301,1,1,1, ,20,01,00,1,10
2437,1,1,2, ,90,08,00,1,03
3212,1,1,2, ,30,00,30,1,20
3540,1,1,4, ,60,04,00,2,02
3541,1,2,4, ,90,12,00,1,05
3541,1,1,4, ,3,12,00,1,05
3542,1,1,4, ,60,02,00,1,05
3543,1,1,4, ,90,02,00,1,02
3559,1,1,5,MINISPLIT,120,10,00,1,02
3560,1,1,5,UTILIZO UN MINISPLIT ENCENDIDO Y APAGADO NO LO UTILLIZO PARA AIRE ACONDICIONADO,90,24,00,1,01
3561,1,2,5,MINISPLIT INVERTER,90,03,00,1,04
3561,1,4,4, ,90,01,00,1,02
3561,1,3,5,MINISPLIT INVERTER,90,03,00,1,04
3561,1,1,5,MINISPLIT INVERTER,90,03,00,1,04
3562,1,4,5,MINISPLIT INVERTER,24,02,00,1,02
3562,1,3,4, ,14,02,00,1,07
3562,1,2,4, ,120,00,20,1,09
3562,1,1,4, ,30,03,00,1,09
3564,1,1,2, ,120,00,30,1,08
3568,1,2,5,MINISPLIT INVERTER,120,06,00,1,02
3568,1,1,5,MINISPLIT INVERTER,120,03,00,1,04
3569,1,1,5,DE LEÑA,60,06,00,2,02
3569,1,2,5,MINISPLI  DE ENCENDIDO Y APAGADO,20,08,00,1,01
3570,1,2,5,MINISPLIT PAGADO Y ENCENDIDO,90,05,00,1,01
3570,1,1,5,MINISPLIT APAGADOY ENCENDIDO,90,08,00,1,03
3571,1,1,5,CALEACTOR DE LE?A,30,24,00,1,02
3572,1,1,4, ,60,04,00,1,10
3575,1,1,5,CON LE?A,90,05,00,2,01
3577,1,1,1, ,30,12,00,1,12
3578,1,1,4, ,10,02,00,2,01
3579,1,1,4, ,60,01,00,1,09
3580,1,1,2, ,60,03,00,1,02
3581,1,1,4, ,120,05,00,1,04
3584,1,1,4, ,60,01,00,1,15
3588,1,1,4, ,90,02,00,1,01
3589,1,4,5,MINISPLIT ENCENDIDO-APAGADO,30,02,00,1,01
3589,1,3,5,MINISPLIT ENCENDIDO-APAGADO,10,00,30,1,02
3589,1,2,4, ,60,03,00,1,03
3589,1,1,4, ,60,03,00,1,04
3593,1,1,2, ,90,02,00,1,10
3597,1,1,4, ,60,02,00,1,03
3598,1,1,4, ,60,07,00,1,03
3599,1,1,4, ,60,08,00,1,08
3599,1,2,5,MINISPLIT,30,10,00,1,05
3600,1,1,4, ,60,04,00,1,08
3602,1,1,1, ,30,02,00,1,05
3602,1,2,1, ,30,02,00,1,05
3603,1,2,5,MINISPLIT ENCENDIDO APAGADO,5,01,00,1,07
3603,1,1,5,MINISPLIT INVERTER,20,02,00,1,02
3604,1,2,5,MINISPLIN INTERVER,30,01,00,1,06
3604,1,1,5,MINISPLIN INVERTER,30,01,00,1,04
3605,1,1,1, ,60,01,00,1,10
3606,1,1,2, ,70,03,00,2,01
3607,1,2,5,MINISPLIT,50,05,00,1,07
3607,1,1,4, ,50,04,00,1,06
3607,1,3,5,MINISPLIT,50,05,00,1,07
3607,1,4,5,MINISPLIT,50,05,00,1,07
3608,1,1,4, ,30,03,00,1,36
3610,1,1,4, ,30,04,00,1,03
3610,1,2,5,MINISPLIT,30,08,00,1,07
3610,1,3,5,MINISPLIT,30,08,00,1,07
3611,1,1,4, ,10,03,00,1,07
3612,1,4,5,MINISPLIT,1,04,00,1,04
3612,1,3,5,MINISPLIT,4,01,00,1,07
3612,1,2,5,MINISPLIT,4,05,00,1,04
3612,1,1,4, ,8,08,00,2,25
3614,1,2,5,MINISPLIT INVERTER,45,03,00,2,02
3614,1,1,5,MINISPLIT INVERTER,40,03,00,2,02
3614,1,3,5,MINISPLIT INVERTER,45,05,00,2,02
3614,1,4,5,MINISPLIT INVERTER,45,08,00,2,02
3615,1,1,2, ,120,08,00,1,02
3620,1,1,4, ,30,03,00,1,10
3621,1,1,4, ,90,02,00,1,02
3623,1,1,5,COMENTA INFORMANTE QUE USA EL MINISPLIT CON ENCENDIDO Y APAGADO,60,04,00,1,01
3623,1,3,5,USA EL MINISPLIT DE ENCENDIDO Y APAGADO PARA TEMPERATURA CALIENTE,60,04,00,1,01
3623,1,2,5,USA EL MINISPLIT CON ENCENDIDO Y APAGADO,60,04,00,1,01
3627,1,1,4, ,60,04,00,1,20
3630,1,1,4, ,50,03,00,1,05
3635,1,2,4, ,15,03,00,1,05
3635,1,1,4, ,15,02,00,1,05
3635,1,4,5,MINIPLIST ENCENDIDO PAGADO,15,01,30,1,03
3635,1,3,5,MINIPLIST ENCENDIDO Y APAGADO,15,01,30,1,03
3637,1,1,5,MINISPLIT,20,02,00,1,03
3639,1,1,4, ,30,00,40,1,03
3644,1,1,2, ,40,03,00,1,01
3645,1,1,2, ,90,01,30,1,05
3647,1,1,4, ,60,07,00,2,01
3648,1,1,5,MINISPLIT DE ENCENDIDO,60,01,00,1,01
3648,1,2,5,MINISPLIT DE ENCENDIDO,60,01,00,1,01
3649,1,1,4, ,90,12,00,1,08
3649,1,2,4, ,90,03,00,1,05
3650,1,1,1, ,90,04,00,1,06
3650,1,2,1, ,90,04,00,1,06
3651,1,1,5,CENTRAL,90,06,00,1,02
3652,1,1,4, ,60,06,00,1,02
3654,1,1,5,CENTRAL,90,04,00,1,04
3654,1,2,5,CENTRAL,90,03,00,1,04
3656,1,1,4, ,999,04,00,2,99
3658,1,1,2, ,30,02,00,2,99
3663,1,1,3, ,90,11,00,1,01
3666,1,1,2, ,60,03,00,1,01
3667,1,1,2, ,90,03,00,2,01
3668,1,1,4, ,40,05,00,1,08
3669,1,1,2, ,60,00,30,1,05
3673,1,1,4, ,60,04,00,1,02
3674,1,1,2, ,90,03,00,2,09
3675,1,2,2, ,60,01,00,1,01
3675,1,3,2, ,60,02,00,1,01
3675,1,1,4, ,60,03,00,2,01
3676,1,1,4, ,90,04,00,1,03
3680,1,1,2, ,12,02,00,1,02
3683,1,1,3, ,60,02,00,1,01
3688,1,2,4, ,30,02,00,1,12
3688,1,1,4, ,60,04,00,1,12
3689,1,2,3, ,60,04,00,1,03
3689,1,1,3, ,60,04,00,1,03
3691,1,2,4, ,60,02,00,1,03
3691,1,1,4, ,60,02,00,1,02
3697,1,1,4, ,15,03,00,2,05
3701,1,1,4, ,30,02,00,1,04
3701,1,2,5,MINISPLIT ENCENDIDO Y APAGADO,3,01,00,1,01
3704,1,1,1, ,60,03,00,1,06
3704,1,2,4, ,90,05,00,1,08
3704,1,3,4, ,90,04,00,1,02
3706,1,1,4, ,30,01,00,1,06
3710,1,1,4, ,20,05,00,1,12
3714,1,3,4, ,120,02,00,1,12
3714,1,2,4, ,120,02,00,1,08
3714,1,1,4, ,120,02,00,1,10
3715,1,2,5,MINISPLIT ENCENDIDO Y APAGADO,90,05,00,1,03
3715,1,1,5,MINISPLIT ENCENDIDO APAGADO,90,02,00,1,03
3716,1,1,4, ,30,12,00,1,01
3718,1,1,4, ,60,03,00,1,02
3720,1,1,4, ,60,00,20,2,05
3728,1,1,4, ,90,12,00,1,05
3728,1,2,4, ,60,12,00,1,05
3728,1,3,4, ,60,12,00,1,05
3729,1,1,5,MINISPLIT INVERTER,120,08,00,1,06
3730,1,1,4, ,20,00,30,1,15
3730,1,2,4, ,40,00,30,1,01
3731,1,1,4, ,30,02,00,1,07
3735,1,1,4, ,90,04,00,1,01
3736,1,1,2, ,20,02,00,1,06
3737,1,1,4, ,30,02,00,1,01
3738,1,1,4, ,60,00,40,1,04
3738,1,2,4, ,60,01,30,1,04
3739,1,2,4, ,20,05,00,1,10
3739,1,1,4, ,60,08,00,1,08
3741,1,1,4, ,30,04,00,1,04
3751,1,2,4, ,7,04,00,2,08
3751,1,1,1, ,3,03,00,1,05
3758,1,1,4, ,20,02,00,1,10
3763,1,1,2, ,30,05,00,1,03
3766,1,1,4, ,60,02,00,1,01
3767,1,1,4, ,60,01,00,1,05
3768,1,1,4, ,30,01,00,2,01
3774,1,1,4, ,60,05,00,2,10
3783,1,1,2, ,30,04,00,1,01
3785,1,1,4, ,120,02,00,1,08
3794,1,1,1, ,30,05,00,1,01
3798,1,1,4, ,90,04,00,1,03
3800,1,1,2, ,60,02,00,1,05
3802,1,1,4, ,60,02,00,1,05
3802,1,2,4, ,60,03,00,1,05
3804,1,1,2, ,30,06,00,1,02
3806,1,1,4, ,60,02,00,1,01
3816,1,1,1, ,90,00,30,1,01
3825,1,1,4, ,14,01,00,2,02
3839,1,1,4, ,30,00,30,1,06
3843,1,1,4, ,60,12,00,1,04
3844,1,2,4, ,120,05,00,1,01
3844,1,1,4, ,120,05,00,1,02
3846,1,1,2, ,20,01,00,2,03
3848,1,1,2, ,20,02,00,1,05
3849,1,1,4, ,30,24,00,1,09
3849,1,2,4, ,30,24,00,2,99
3850,1,1,1, ,4,01,00,1,01
3852,1,1,4, ,10,01,00,2,07
3856,1,1,2, ,15,03,00,1,03
3857,1,1,4, ,60,02,00,1,10
3857,1,2,4, ,60,02,00,1,02
3858,1,1,4, ,20,04,00,1,02
3863,1,1,4, ,50,01,00,1,04
3864,1,1,1, ,120,20,00,1,04
3864,1,2,4, ,120,06,00,1,01
3865,1,2,4, ,20,03,00,1,03
3865,1,1,1, ,10,03,00,2,10
3866,1,1,4, ,90,00,30,2,01
3867,1,1,2, ,24,06,00,1,05
3868,1,1,2, ,60,20,00,1,01
3872,1,1,2, ,15,01,00,1,06
3874,1,1,4, ,70,05,00,1,10
3876,1,1,2, ,15,03,00,2,03
3878,1,1,4, ,90,05,00,1,02
3879,1,1,5,MINISPLIT APAGADO ENCENDIDO,60,01,00,1,01
3880,1,1,2, ,60,24,00,1,01
3882,1,1,2, ,60,01,00,1,08
3884,1,1,2, ,60,05,00,1,01
3888,1,1,2, ,30,01,00,1,01
3889,1,1,2, ,30,01,00,1,01
3893,1,1,4, ,90,01,00,1,06
3894,1,1,2, ,4,01,00,1,03
3896,1,1,2, ,10,05,00,1,04
3897,1,1,4, ,60,02,00,1,01
3897,1,2,2, ,30,03,00,2,14
3900,1,1,2, ,30,08,00,1,01
3901,1,1,4, ,60,05,00,1,03
3905,1,1,4, ,90,03,00,1,07
3905,1,2,4, ,90,03,00,1,07
3907,1,1,4, ,30,05,00,1,02
3908,1,1,4, ,10,02,00,2,32
3911,1,1,4, ,30,02,00,1,01
3912,1,1,4, ,60,00,30,1,01
3913,1,1,4, ,5,03,00,2,01
3913,1,2,5,MINISPLI,5,00,40,2,01
3913,1,3,5,MINISPLIT,5,00,40,2,01
3913,1,4,5,MINISPLIT,5,00,40,1,01
3915,1,1,4, ,40,05,00,1,03
3916,1,1,4, ,20,04,00,2,02
3921,1,2,2, ,90,10,00,1,02
3921,1,1,2, ,90,10,00,1,02
3922,1,1,5,MINISPLIT,15,06,00,1,06
3922,1,2,5,MINISPLIT,15,06,00,1,06
3922,1,3,5,MINISPLIT,15,06,00,1,06
3922,1,4,5,MINISPLIT,15,06,00,1,06
3923,1,1,4, ,20,02,00,1,04
3924,1,1,3, ,60,08,00,1,01
3929,1,1,2, ,60,03,00,1,01
3933,1,1,4, ,30,02,00,1,01
3934,1,1,4, ,20,02,00,1,20
3936,1,1,3, ,60,12,00,1,03
3937,1,1,3, ,30,03,00,1,03
3941,1,1,4, ,15,01,00,2,02
3944,1,1,1, ,60,03,00,1,10
3944,1,3,1, ,60,03,00,1,10
3944,1,2,1, ,60,03,00,1,10
3957,1,1,2, ,30,06,00,1,03
3959,1,1,2, ,45,00,30,2,03
3960,1,1,4, ,30,02,00,2,03
3970,1,1,2, ,60,02,00,1,03
3974,1,1,5,MINISPLIT,120,03,00,1,02
3974,1,2,2, ,120,03,00,1,02
3974,1,3,2, ,60,03,00,1,99
3985,1,1,1, ,60,06,00,1,02
3989,1,1,2, ,30,02,00,1,01
3994,1,1,4, ,60,02,00,1,03
3998,1,1,1, ,10,12,00,1,01
4001,1,1,4, ,60,02,00,1,05
4001,1,2,4, ,60,00,30,1,01
4017,1,1,4, ,30,03,00,1,08
4018,1,1,2, ,60,03,00,1,20
4029,1,1,2, ,60,05,00,1,02
4036,1,1,2, ,30,01,00,1,02
4037,1,1,4, ,15,03,00,1,05
4040,1,1,2, ,30,06,00,2,22
4051,1,5,5,MINISPLIT,30,02,00,1,08
4051,1,4,5,MINISPLIT,30,02,00,1,08
4051,1,2,5,MINISPLIT,60,07,00,1,08
4051,1,1,5,MINISPLIT,60,07,00,1,08
4051,1,3,5,MINISPLIT,60,02,00,1,08
4052,1,2,4, ,30,03,00,1,04
4052,1,1,4, ,30,05,00,1,04
4057,1,1,4, ,30,02,00,1,10
4062,1,1,2, ,90,08,00,1,05
4065,1,1,3, ,12,10,00,2,04
4071,1,1,2, ,60,08,00,1,03
4083,1,1,2, ,90,05,00,1,04
4084,1,1,2, ,80,13,00,2,02
4102,1,2,2, ,120,04,00,1,02
4102,1,3,2, ,120,04,00,2,03
4102,1,1,1, ,120,04,00,2,03
4106,1,1,4, ,60,04,00,1,20
4112,1,1,5,MINISPLIT ENCENDIDO APAGADO,7,03,00,1,03
4113,1,1,5,MINISPLT ENCENDIDO APAGADO,15,02,00,1,02
4123,1,1,2, ,15,02,00,1,01
4124,1,2,2, ,90,08,00,1,03
4124,1,1,2, ,90,12,00,1,05
4128,1,1,2, ,30,05,00,2,30
4132,1,1,2, ,15,07,00,1,02
4140,1,1,2, ,60,06,00,2,02
4142,1,1,2, ,30,02,00,1,01
4154,1,1,4, ,45,02,00,1,04
4162,1,1,4, ,60,02,00,1,06
4165,1,1,4, ,30,02,00,1,01
4165,1,2,2, ,60,07,00,1,01
4169,1,1,4, ,75,02,00,1,03
4182,1,1,5,MINISPLIT,50,05,00,1,07
4182,1,2,4, ,50,05,00,1,01
4186,1,1,5,MINISPLIT ENCENDIDO APAGADO,90,03,00,1,06
4186,1,2,5,MINISPLIT ENCENDIDO APAGADO,90,03,00,1,06
4188,1,1,4, ,90,05,00,1,01
4200,1,2,2, ,60,03,00,1,03
4200,1,1,4, ,60,03,00,1,05
4207,1,1,2, ,30,04,00,1,03
4209,1,1,2, ,60,10,00,1,01
4210,1,1,2, ,30,01,00,1,02
4220,1,1,4, ,60,03,00,1,05
4221,1,1,4, ,90,01,00,1,01
4222,1,1,2, ,30,05,00,1,01
4226,1,1,4, ,30,03,00,1,08
4235,1,1,4, ,20,04,00,1,05
4237,1,1,4, ,30,05,00,1,02
4238,1,1,4, ,60,00,20,1,04
4241,1,1,5,MINISPLIT INVERTER,60,04,00,1,05
4245,1,2,5,MINI SPLIT INVERTER,120,24,00,1,01
4245,1,1,5,MINI SPLIT INVERTER,120,24,00,1,05
4246,1,1,2, ,90,01,00,1,01
4247,1,1,1, ,60,12,00,1,02
4249,1,1,1, ,60,02,00,1,07
4249,1,2,4, ,60,02,00,1,10
4250,1,1,4, ,60,10,00,1,04
4253,1,1,4, ,50,03,00,1,01
4254,1,1,4, ,20,02,00,2,01
4256,1,1,4, ,4,05,00,1,11
4262,1,1,2, ,15,05,00,2,01
4264,1,1,4, ,69,02,30,2,99
4265,1,1,4, ,4,02,00,1,08
4273,1,1,4, ,60,04,00,1,02
4277,1,1,4, ,30,03,00,1,05
4280,1,1,5,CALENTADOR DE LE?A,30,02,00,1,04
4281,1,1,4, ,30,08,00,1,10
4284,1,1,4, ,90,02,00,2,03
4284,1,2,5,MINISPLIT,90,01,00,1,03
4286,1,1,4, ,30,07,00,1,02
4294,1,1,2, ,2,02,00,1,10
4337,1,1,2, ,30,00,30,1,10
4374,1,1,2, ,60,03,00,2,30
4390,1,1,2, ,60,01,00,1,03
4392,1,1,2, ,10,01,00,2,03
5510,1,1,2, ,60,01,00,1,99
5528,1,1,3, ,60,00,30,1,01
6212,1,2,5,DE LEÑA,90,01,00,1,04
6212,1,1,4, ,90,01,00,1,06
6213,1,1,4, ,180,03,00,1,20
6213,1,2,5,DE DIESEL,180,04,00,1,45
6218,1,1,4, ,90,04,00,1,05
6220,1,2,4, ,120,03,00,2,10
6220,1,1,4, ,120,03,00,2,10
6225,1,1,5,CALENTON DE LE?A,150,12,00,1,01
6226,1,1,2, ,60,01,00,1,05
6226,1,3,4, ,90,04,00,1,06
6226,1,2,4, ,7,01,00,1,06
6227,1,1,2, ,60,02,00,1,01
6228,1,1,4, ,80,01,00,1,01
6229,1,1,5,CALENTON DE LEÑA,150,10,00,1,09
6230,1,1,4, ,70,05,00,1,03
6231,1,1,5,CALENTON DE LEÑA,90,02,00,2,10
6232,1,1,4, ,30,02,00,1,02
6233,1,2,5,CALENTON DE LEÑA,150,07,00,1,04
6233,1,1,4, ,120,03,00,1,06
6235,1,1,4, ,30,03,00,1,15
6235,1,2,4, ,60,05,00,1,04
6236,1,1,5,CALENTON DE LEÑA,60,12,00,2,02
6238,1,1,4, ,45,04,00,1,10
6239,1,1,2, ,45,02,00,1,03
6242,1,1,5,MINISPLIT,120,01,00,1,04
6243,1,2,4, ,120,04,00,2,02
6243,1,1,2, ,60,03,00,1,02
6248,1,1,4, ,30,05,00,1,05
6250,1,1,4, ,90,03,00,1,15
6251,1,1,5,CALENTON DE LE?A,90,02,00,1,99
6252,1,1,4, ,90,02,00,1,16
6257,1,2,4, ,90,04,00,1,05
6257,1,1,4, ,90,04,00,1,05
6258,1,1,2, ,90,05,00,2,03
6259,1,1,4, ,60,06,00,2,02
6260,1,1,4, ,120,05,00,2,05
6263,1,1,4, ,90,08,00,1,10
6264,1,1,5,CALENTON DE LE?A,90,04,00,1,04
6265,1,1,4, ,45,04,00,1,05
6266,1,1,4, ,60,04,00,1,04
6267,1,1,5,CALENTON DE LE?A,90,06,00,2,05
6268,1,1,5,CALENTON DE LE?A,20,05,00,1,10
6269,1,1,5,CALENTON DE LE?A,30,04,00,1,01
6270,1,2,4, ,60,06,00,1,07
6270,1,1,4, ,60,04,00,1,07
6272,1,1,4, ,90,08,00,1,05
6272,1,2,4, ,90,05,00,1,05
6273,1,1,5,CALDERAV DIESEL,120,12,00,1,10
6274,1,1,5,CALEFACCION CENTRAL,105,24,00,1,08
6275,1,2,5,CALEFACCION CENTRAL,180,24,00,2,20
6275,1,1,5,CALEFACCION CENTRAL,150,24,00,2,20
6276,1,1,4, ,21,04,00,2,03
6277,1,1,5,CALENTON DE LEÑA,30,04,00,1,03
6280,1,1,3, ,40,02,00,1,01
6280,1,2,4, ,50,03,00,1,01
6281,1,1,2, ,60,02,00,2,01
6282,1,1,5,ESTUFA DE LEÑA LA USA PARA CALENTARSE,60,05,00,1,02
6283,1,1,2, ,60,00,15,1,05
6288,1,1,2, ,120,24,00,2,06
6291,1,1,2, ,2,10,00,1,05
6292,1,1,3, ,90,01,00,2,03
6293,1,1,1, ,8,00,30,1,05
6294,1,1,4, ,60,08,00,1,04
6299,1,1,4, ,90,01,00,1,13
6300,1,2,5,MINISPLET,120,05,00,1,01
6300,1,1,4, ,120,24,00,1,10
6302,1,1,4, ,90,05,00,2,99
6303,1,1,4, ,2,05,00,2,30
6304,1,4,4, ,30,04,00,1,01
6304,1,3,4, ,120,08,00,1,05
6304,1,2,4, ,60,06,00,1,05
6304,1,1,1, ,60,03,00,1,05
6305,1,1,4, ,20,01,00,1,15
6306,1,1,5,CALEFACCION CENTRAL UTILIZA GAS Y ELECTRICIDAD,120,08,00,1,02
6307,1,1,4, ,60,04,00,1,01
6308,1,1,4, ,60,03,00,1,15
6308,1,2,4, ,60,04,00,1,10
6311,1,1,4, ,90,08,00,1,04
6312,1,1,5,CALENTON DE LEÑA,30,02,00,2,10
6313,1,1,4, ,30,04,00,2,99
6314,1,2,4, ,90,03,00,1,02
6314,1,1,4, ,120,04,00,1,05
6315,1,1,5,CALENTON LEÑA,60,04,00,1,12
6316,1,1,4, ,60,02,00,2,25
6316,1,2,4, ,90,04,00,1,15
6316,1,3,4, ,90,03,00,1,05
6317,1,2,4, ,60,05,00,1,05
6317,1,1,4, ,60,05,00,1,12
6319,1,1,4, ,120,05,00,1,09
6320,1,1,4, ,60,06,00,1,04
6322,1,1,4, ,60,04,00,1,08
6323,1,1,5,DE ACEITE 0 CERAMICA,60,06,00,1,06
6324,1,1,4, ,90,02,00,1,05
6329,1,1,5,CALENTON DE LE?A,30,04,00,1,17
6333,1,1,4, ,120,14,00,1,02
6333,1,2,4, ,120,14,00,1,02
6335,1,1,4, ,90,02,00,1,09
6339,1,1,4, ,80,05,00,2,01
6340,1,2,4, ,120,04,00,2,15
6340,1,1,4, ,120,05,00,2,15
6346,1,1,4, ,100,02,00,1,05
6347,1,1,4, ,30,02,00,1,40
6348,1,1,4, ,90,08,00,1,10
6351,1,1,4, ,90,03,00,1,08
6352,1,1,2, ,120,09,00,1,10
6353,1,1,4, ,60,06,00,1,06
6353,1,2,4, ,90,04,00,1,10
6354,1,1,2, ,60,04,00,2,02
6355,1,1,5,CALENTON DE LE?A,50,04,00,2,03
6356,1,1,4, ,60,02,00,1,06
6357,1,1,4, ,60,04,00,2,08
6359,1,1,5,CALEFACCION CENTRAL,30,02,00,1,08
6361,1,1,4, ,60,04,00,1,10
6362,1,1,2, ,75,00,45,1,05
6363,1,1,4, ,60,02,00,1,04
6364,1,1,4, ,60,02,00,1,10
6365,1,1,4, ,60,04,00,1,03
6366,1,1,5,CENTRAL,8,02,00,1,15
6367,1,2,4, ,15,02,00,1,10
6367,1,1,4, ,30,03,00,1,15
6368,1,1,4, ,10,01,00,1,08
6368,1,2,4, ,15,00,20,1,08
6370,1,1,4, ,120,02,00,1,98
6370,1,2,4, ,120,05,00,1,06
6370,1,3,4, ,90,03,00,1,02
6370,1,4,4, ,90,02,00,1,03
6373,1,1,5,CALENTADOR DE LE?A,60,02,00,1,03
6376,1,1,5,CALENTON DE LEÑA,150,12,00,2,25
6377,1,1,5,CALENTON DE LEÑA,12,03,00,1,06
6378,1,1,5,CALENTON DE LEÑA,30,03,00,2,99
6379,1,1,4, ,45,09,00,1,04
6382,1,1,5,CALENTON DE LE?A,20,05,00,1,10
6383,1,1,4, ,30,04,00,1,03
6385,1,1,5,CALENTON DE LE?A,6,04,00,2,03
6390,1,1,5,CHIMENEA DE LE?A,1,05,00,1,04
6391,1,1,5,CALENTON DE LEÑA,120,24,00,2,04
6392,1,1,4, ,60,03,00,1,05
6394,1,1,5,CALENTON DE LEÑA,60,05,00,1,04
6395,1,1,4, ,2,03,00,1,02
6396,1,1,5,CALENTON DE LEÑA,90,04,00,1,01
6397,1,1,4, ,90,12,00,2,12
6398,1,1,4, ,60,03,00,2,99
6399,1,1,5,CHIMENEA DE LEÑA,60,06,00,1,10
6400,1,1,5,CALENTON DE LEÑA,60,03,00,1,04
6401,1,1,4, ,60,03,00,1,04
6402,1,1,2, ,90,06,30,2,03
6403,1,2,4, ,120,02,00,1,12
6403,1,1,4, ,120,04,00,1,03
6405,1,1,5,CALENTON DE LEÑA,90,03,00,1,01
6407,1,1,4, ,90,04,00,1,10
6407,1,3,2, ,90,10,00,1,01
6407,1,2,4, ,90,02,00,1,10
6408,1,1,5,CALEFACCION CENTRAL DE GAS,120,05,00,1,03
6410,1,1,4, ,60,03,00,1,99
6411,1,2,4, ,120,02,00,1,10
6411,1,1,4, ,120,02,00,1,03
6412,1,2,4, ,60,03,00,1,02
6412,1,1,4, ,90,03,00,1,05
6413,1,1,5,CALENTON DE LE?A,90,06,00,1,03
6414,1,1,4, ,90,02,00,2,10
6414,1,2,4, ,90,03,00,1,05
6415,1,1,5,MINISPLIT,120,04,00,1,06
6418,1,1,5,CALENTON DE LEÑA,5,02,00,1,02
6419,1,2,5,CENTRAL,75,02,00,1,05
6419,1,1,5,CENTRAL,75,02,00,1,05
6420,1,1,4, ,30,02,00,1,05
6422,1,1,4, ,90,04,00,1,08
6424,1,1,2, ,60,02,00,2,03
6431,1,1,4, ,60,02,00,1,10
6431,1,2,5,LEÑA DE LEÑA,60,01,00,1,03
6432,1,3,4, ,90,05,00,1,10
6432,1,1,2, ,90,00,30,1,13
6432,1,2,1, ,90,06,00,1,10
6433,1,1,5,LEÑA LEÑA,120,04,00,1,05
6434,1,1,3, ,30,02,00,1,01
6436,1,1,4, ,120,06,00,1,08
6436,1,2,4, ,190,06,00,1,08
6437,1,1,4, ,90,03,00,1,05
6437,1,2,4, ,90,03,00,1,05
6438,1,1,5,EQUIPO DE AIRE CENTRAL,120,01,00,1,15
6439,1,1,5,EQUIPO DE AIRE CENTRAL,90,01,00,1,10
6440,1,1,4, ,120,04,00,1,05
6440,1,2,4, ,120,05,00,1,05
6440,1,3,4, ,120,05,00,1,05
6442,1,1,5,EQUIPO CENTRAL,90,01,30,1,15
6444,1,1,5,CENTRAL DE 80000 BTU,75,08,00,1,12
6445,1,1,4, ,90,01,00,1,10
6445,1,2,4, ,90,02,00,1,10
6446,1,1,5,CALEFACCION SUBTERRANEA,30,02,00,1,02
6447,1,1,5,SISTEMA DE BAPOR QUE CORRE POR TUBERIAS POR EL PISO Y SALE POR RENDIJAS ESPECIALES,30,00,30,1,01
6448,1,1,4, ,90,04,00,1,15
6448,1,2,4, ,60,02,00,1,15
6451,1,1,4, ,90,04,00,1,01
6452,1,1,2, ,90,04,00,1,03
6452,1,2,4, ,90,03,00,1,09
6456,1,1,2, ,90,03,00,1,01
6458,1,2,5,MINI SPLIT,50,04,00,1,03
6458,1,1,4, ,80,03,00,1,05
6459,1,1,4, ,60,08,00,1,01
6459,1,2,4, ,60,08,00,2,06
6461,1,1,4, ,90,03,00,1,10
6462,1,2,5,CENTRAL,2,00,20,2,08
6462,1,1,4, ,45,00,45,1,04
6463,1,1,5,CALEFACCION CENTRAL,90,06,00,2,99
6464,1,1,4, ,60,04,00,1,03
6465,1,1,4, ,90,02,00,1,10
6466,1,1,4, ,30,04,00,1,03
6466,1,2,4, ,60,05,00,1,06
6467,1,1,4, ,60,02,00,1,01
6472,1,1,4, ,120,05,00,1,08
6472,1,2,1, ,90,00,30,1,01
6473,1,1,4, ,60,04,00,1,03
6474,1,1,4, ,75,10,00,1,05
6477,1,1,4, ,50,04,00,1,08
6477,1,2,3, ,50,06,00,2,03
6479,1,1,4, ,60,03,00,1,04
6480,1,1,4, ,60,07,00,1,02
6484,1,1,2, ,90,03,00,2,03
6487,1,1,5,CALENTON DE LEÑA,60,05,00,1,05
6488,1,1,4, ,90,04,00,1,15
6493,1,1,5,DE LE?A,90,02,00,2,20
6494,1,1,4, ,3,00,30,1,05
6496,1,1,5,CALENTON DE LE?A,60,01,00,1,99
6497,1,2,4, ,115,01,30,1,02
6497,1,1,4, ,115,01,00,1,01
6502,1,1,5,CALENTON DE LEÑA,30,02,00,2,08
6503,1,1,5,USA UN CALENTON DE LEÑA HECHO A BASE DE RINES AUTOMOTRICES,90,05,00,1,01
6504,1,1,5,CALENTON QUE USA COMO COMBUSTIBLE  LEÑA,120,12,00,1,30
6505,1,1,5,CALENTON DE LEÑA,30,04,00,1,01
6510,1,1,1, ,120,08,00,2,02
6511,1,1,4, ,60,02,00,1,01
6512,1,1,4, ,60,03,00,1,02
6513,1,1,4, ,90,05,00,1,01
6514,1,1,2, ,60,09,00,1,01
6515,1,1,4, ,30,04,00,2,01
6516,1,1,4, ,90,04,00,2,05
6517,1,1,4, ,60,02,00,1,04
6524,1,1,4, ,120,08,00,1,05
6525,1,1,4, ,120,03,00,2,02
6526,1,1,4, ,90,06,00,1,06
6527,1,1,1, ,90,06,00,1,05
6528,1,2,2, ,90,06,00,1,05
6528,1,1,2, ,90,02,00,1,05
6529,1,1,5,CALENTON DE LE?A,120,06,00,1,06
6530,1,1,5,CALENTON DE LE?A,90,02,00,1,01
6531,1,1,1, ,90,24,00,1,06
6531,1,2,4, ,90,04,00,1,02
6532,1,1,5,CENTRAL,120,12,00,2,03
6534,1,1,4, ,120,03,00,2,15
6536,1,1,5,CALEFACCION CENTRAL FUNCIONA A GAS Y ELECTRICIDAD,90,08,00,2,01
6538,1,1,5,CALEFACCION CENTRAL,12,01,00,1,05
6540,1,1,4, ,90,24,00,1,67
6540,1,2,4, ,90,01,00,2,08
6541,1,1,4, ,150,05,00,1,10
6542,1,1,5,PAQUETE DE EQUIPO CENTRAL,180,01,30,1,04
6543,1,3,5,EQUIPO DE CALEFACION CENTRAL,12,00,40,2,02
6543,1,1,2, ,20,00,30,1,08
6543,1,2,4, ,45,01,30,1,12
6544,1,2,3, ,110,05,00,1,01
6544,1,1,4, ,110,08,00,1,06
6545,1,1,1, ,120,04,00,1,02
6545,1,2,2, ,120,03,00,2,03
6545,1,3,3, ,12,02,00,1,02
6546,1,1,5,CALENTON DE LE?A,90,09,00,1,01
6547,1,1,4, ,60,06,00,1,01
6548,1,1,4, ,60,03,00,1,01
6548,1,2,4, ,60,04,00,1,01
6549,1,1,4, ,90,04,00,1,15
6554,1,1,2, ,120,02,00,2,04
6554,1,2,3, ,10,03,00,1,01
6557,1,1,4, ,10,03,00,2,10
6558,1,1,5,EQUIPO DE AIRE CENTRAL,120,04,00,1,14
6559,1,2,5,EQUIPO DE AIRE CENTRAL,90,01,00,2,04
6559,1,1,4, ,90,02,30,1,02
6560,1,1,4, ,90,04,00,1,05
6561,1,1,4, ,90,06,00,1,01
6563,1,1,5,EQUIPO CENTRAL,90,02,00,1,15
6564,1,1,4, ,60,03,00,1,07
6569,1,3,4, ,180,06,00,1,08
6569,1,1,4, ,180,06,00,1,24
6569,1,2,4, ,180,06,00,1,24
6571,1,2,4, ,30,02,00,1,04
6571,1,1,2, ,10,01,30,1,02
6573,1,1,1, ,120,07,00,2,99
6574,1,1,3, ,135,05,00,1,01
6576,1,1,2, ,120,08,00,1,04
6576,1,2,4, ,150,12,00,1,03
6578,1,1,4, ,60,03,00,1,12
6579,1,1,4, ,80,04,00,1,05
6580,1,1,4, ,90,08,00,1,05
6584,1,1,4, ,60,14,00,1,04
6585,1,1,4, ,135,04,00,1,03
6586,1,1,4, ,90,11,00,1,10
6589,1,2,4, ,30,01,00,1,05
6589,1,1,4, ,60,03,00,1,05
6590,1,3,4, ,150,06,00,1,04
6590,1,2,4, ,150,03,00,1,04
6590,1,1,4, ,150,13,00,1,03
6591,1,1,5,CALEFACCION CENTRAL,75,04,00,2,99
6592,1,2,4, ,90,02,00,1,02
6592,1,1,4, ,90,03,00,1,02
6593,1,1,5,CALEFACCION CENTRAL,60,06,00,1,02
6594,1,1,5,CALEFACCION CENTRAL,120,08,00,1,10
6595,1,1,5,CALEFACCION CENTRAL,90,02,00,2,02
6596,1,1,5,EQUIPO CENTRAL,120,10,00,1,10
6596,1,2,4, ,120,07,00,1,05
6597,1,1,4, ,75,02,00,2,05
6605,1,1,5,CALENTON DE LEÑA,120,03,00,2,08
6606,1,1,5,CALENTON DE LEÑA,96,06,00,1,04
6606,1,2,4, ,96,04,00,1,12
6607,1,1,5,CALENTON DE LEÑA,60,02,00,2,02
6608,1,2,2, ,30,01,00,1,10
6608,1,1,2, ,30,00,15,1,10
6611,1,1,4, ,60,02,00,2,10
6613,1,1,5,CALENT0OJ DE LE?A,60,12,00,1,04
6614,1,1,4, ,90,12,00,1,03
6616,1,1,4, ,90,03,00,2,01
6617,1,1,4, ,150,10,00,1,03
6618,1,1,4, ,90,03,00,1,02
6619,1,1,4, ,90,08,00,1,02
6621,1,2,2, ,120,04,00,1,04
6621,1,1,2, ,120,02,00,1,04
6622,1,1,4, ,45,15,00,1,08
6623,1,1,5,EQUIPO CENTRAL,70,05,00,1,08
6624,1,1,2, ,90,02,00,1,05
6633,1,1,4, ,75,05,00,1,06
6634,1,1,4, ,60,02,00,1,12
6634,1,2,5,CHIMENEA,60,04,00,1,05
6635,1,1,4, ,60,03,00,2,10
6636,1,2,4, ,90,08,00,1,06
6636,1,1,4, ,90,06,00,1,04
6641,1,1,4, ,90,05,00,1,02
6641,1,2,4, ,90,05,00,1,10
6642,1,1,4, ,120,08,00,1,02
6642,1,2,4, ,120,08,00,1,02
6644,1,1,4, ,10,00,20,1,02
6646,1,1,4, ,60,03,00,1,01
6647,1,1,4, ,90,08,00,1,02
6649,1,1,4, ,90,02,00,2,01
6653,1,1,5,CALENTON DE LE?A,45,02,00,2,99
6654,1,1,4, ,30,01,00,1,02
6656,1,1,4, ,60,08,00,1,10
6657,1,1,4, ,120,08,00,1,10
6658,1,1,4, ,120,03,30,1,06
6659,1,1,2, ,105,08,00,1,01
6660,1,1,5,CHIMENEA,120,04,00,1,30
6664,1,1,4, ,90,02,00,1,05
6665,1,1,5,CALENTON DE LE?A,16,02,00,1,03
6666,1,1,4, ,120,02,00,1,08
6667,1,1,4, ,60,03,00,1,04
6668,1,2,5,CALENTON DE LE?A,120,02,00,1,03
6668,1,1,4, ,120,00,15,1,05
6669,1,2,4, ,90,04,00,1,05
6669,1,1,4, ,90,04,00,1,01
6671,1,1,4, ,120,06,00,2,02
6672,1,1,4, ,120,00,30,1,07
6674,1,1,4, ,60,05,00,1,20
6675,1,1,4, ,90,08,00,1,04
6679,1,1,4, ,90,03,00,1,05
6681,1,1,2, ,90,06,00,1,01
6682,1,2,4, ,90,08,00,1,03
6682,1,1,4, ,90,10,00,1,03
6683,1,1,5,CALENTON DE LEÑA,90,04,00,1,07
6685,1,1,2, ,120,04,00,2,01
6688,1,1,5,CALEFACION CENTRAL,30,07,00,2,12
6689,1,1,5,CALEFACCION CENTRAL,3,02,00,1,18
6690,1,1,4, ,60,04,00,1,25
6691,1,1,4, ,130,03,00,1,04
6692,1,1,4, ,10,04,30,2,10
6693,1,1,4, ,45,04,00,1,01
6694,1,1,2, ,60,03,00,2,99
6696,1,1,4, ,30,02,00,1,02
6698,1,1,2, ,150,03,00,2,01
6700,1,1,4, ,90,03,00,2,03
6703,1,1,4, ,60,01,30,1,03
6704,1,1,4, ,50,03,00,1,09
6706,1,2,4, ,90,02,00,2,01
6706,1,1,2, ,90,00,30,2,01
6707,1,1,4, ,90,03,00,1,04
6708,1,1,4, ,90,04,00,1,04
6709,1,1,5,CALEFACCION CNETRAL,120,04,00,1,17
6710,1,1,4, ,60,05,00,1,08
6710,1,2,4, ,15,00,30,1,05
6711,1,1,5,CALEFACCION CENTRAL,60,05,00,2,99
6711,1,2,4, ,30,06,00,1,04
6712,1,1,4, ,80,03,00,1,05
6713,1,1,4, ,150,02,00,2,01
6715,1,1,4, ,80,03,00,1,12
6717,1,1,4, ,30,06,00,1,03
6718,1,1,4, ,150,14,00,1,15
6718,1,2,4, ,80,02,00,1,15
6719,1,1,4, ,120,03,00,1,06
6720,1,1,5,EQUIPO DE CALEFACCION CENTRAL,90,12,00,1,04
6723,1,1,4, ,60,05,00,1,05
6728,1,1,4, ,90,02,30,1,03
6729,1,1,5,CALEFACCION,90,03,00,2,99
6730,1,1,2, ,60,03,00,1,02
6731,1,1,4, ,90,02,00,1,01
6732,1,1,4, ,30,05,00,1,06
6733,1,1,4, ,60,04,00,1,01
6733,1,2,4, ,90,06,00,2,99
6734,1,1,4, ,120,06,00,1,01
6735,1,1,4, ,45,02,00,1,05
6736,1,1,5,CALENTON DE LE?A,15,03,00,1,02
6737,1,1,4, ,1,05,00,1,03
6739,1,1,4, ,90,05,00,1,06
6740,1,1,2, ,90,05,00,1,01
6741,1,1,4, ,60,02,00,1,08
6742,1,1,1, ,60,10,00,2,07
6744,1,1,4, ,30,20,00,1,10
6746,1,1,4, ,120,05,00,1,01
6748,1,1,4, ,120,03,00,1,12
6749,1,1,4, ,160,03,00,1,01
6751,1,1,5,CHIMENEA DE LE?A,60,04,00,1,08
6752,1,2,2, ,90,04,00,2,05
6752,1,1,4, ,90,04,00,1,05
6756,1,1,2, ,60,02,00,1,02
6757,1,1,5,CALENTON DE LEÑA,80,04,00,2,15
6759,1,1,5,CALENTON DE LE?A,120,05,00,2,01
6760,1,1,2, ,60,01,00,2,02
6762,1,1,4, ,60,02,00,2,10
6763,1,1,4, ,120,05,00,1,01
6765,1,1,4, ,60,07,00,2,02
6773,1,1,5,CALEFACCION CENTRAL,90,24,00,1,15
6774,1,1,2, ,90,02,00,2,99
6775,1,1,4, ,120,02,00,2,10
6776,1,1,5,CALENTON DE LE?A,90,04,00,2,02
6781,1,1,2, ,60,05,00,2,01
6784,1,1,4, ,90,06,00,1,10
6784,1,2,4, ,90,06,00,1,06
6788,1,1,5,CALENTON DE LE?A,60,04,00,2,04
6789,1,1,5,CALENTON DE LEÑA,60,01,00,1,01
6790,1,1,2, ,105,02,00,1,04
6790,1,2,5,CALENTON DE LE?A,60,15,00,1,04
6792,1,1,2, ,120,03,00,2,03
6793,1,1,5,CALENTON DE LE?A,60,04,00,1,03
6799,1,1,1, ,60,02,00,1,01
6802,1,1,4, ,45,06,00,1,01
6803,1,1,2, ,180,04,00,2,02
6804,1,1,5,CHIMENEA DE LE?A,120,04,00,1,07
6806,1,1,1, ,30,01,00,1,01
6807,1,1,4, ,90,05,00,1,09
6808,1,1,3, ,90,05,00,1,03
6811,1,1,5,LE?A CALENTON,60,06,00,1,02
6812,1,1,5,MINISPLIT,30,01,00,1,01
6813,1,1,4, ,120,03,00,2,02
6813,1,2,4, ,120,03,00,2,01
6814,1,1,2, ,30,02,00,1,01
6815,1,1,4, ,60,02,00,2,08
6817,1,2,5,CALEWNTON DE LE?A,120,08,00,1,02
6817,1,1,3, ,120,01,00,1,02
6818,1,1,2, ,60,10,00,1,01
6819,1,1,5,CALEFACCION CENTRAL,90,01,00,1,08
6820,1,1,4, ,90,05,00,1,02
6821,1,1,5,EQIPO CENTRAL,120,03,00,1,01
6822,1,1,5,EQUIPO DE CALEFACCION CENTRAL,160,08,00,2,02
6826,1,1,4, ,90,02,00,1,05
6827,1,1,4, ,60,02,00,1,03
6827,1,2,1, ,120,12,00,1,12
6830,1,1,4, ,60,05,00,1,01
6830,1,2,2, ,30,06,00,1,02
6831,1,2,2, ,60,06,00,1,01
6831,1,1,4, ,90,06,00,2,03
6832,1,1,4, ,120,07,00,1,06
6835,1,1,4, ,120,05,00,1,06
6836,1,1,2, ,75,01,00,1,03
6837,1,1,5,CALEFACCION CENTRAL,90,04,00,1,08
6838,1,1,5,EQUIPO CENTRAL,120,05,00,2,05
6839,1,1,4, ,120,03,00,2,07
6841,1,1,4, ,8,04,00,1,09
6842,1,1,5,MINISPLIT,90,01,00,1,01
6843,1,1,4, ,60,03,00,1,01
6846,1,1,4, ,45,03,00,1,15
6846,1,2,5,CHIMENEA DE LE?A,60,10,00,1,32
6847,1,1,5,CALENTON DE LE?A,15,02,00,1,20
6849,1,1,5,MINISPLIT INVERTER,2,03,00,1,10
6854,1,1,5,CALENTON DE LE?A,45,06,00,1,10
6856,1,1,4, ,2,03,00,1,01
6857,1,2,5,MINISPLIT,999,99,99,1,01
6857,1,1,4, ,30,02,00,1,08
6860,1,2,4, ,2,02,00,1,02
6860,1,1,3, ,9,01,00,1,03
6861,1,3,5,MINISPLIT,90,03,00,1,01
6861,1,1,4, ,90,01,00,1,03
6861,1,2,5,MINISPLIT,90,03,00,1,02
6863,1,1,4, ,90,08,00,1,01
6864,1,1,5,CALENTON DE LE?A,60,08,00,1,05
6866,1,1,2, ,30,24,00,1,01
6867,1,1,4, ,60,01,00,1,07
6868,1,1,2, ,45,05,00,1,02
6869,1,1,2, ,60,01,00,2,04
6870,1,2,3, ,90,18,00,1,01
6870,1,1,2, ,120,12,00,1,01
6871,1,1,1, ,60,01,00,2,02
6872,1,1,4, ,180,05,00,1,04
6873,1,1,5,CALENTON LE?A,160,10,00,1,02
6873,1,2,5,CHIMENEA DE LE?A,160,03,00,1,04
6873,1,3,4, ,160,02,00,1,03
6874,1,2,4, ,30,24,00,1,06
6874,1,1,4, ,120,18,00,1,02
6878,1,1,2, ,60,01,30,1,02
6879,1,1,5,CALENTON DE LE?A,90,06,00,1,10
6880,1,2,5,CHIMENEA DE LE?A,10,08,00,1,05
6880,1,1,4, ,4,01,00,1,15
6882,1,1,3, ,60,03,00,1,10
6884,1,1,5,CALENBTON DE LE?A,60,12,00,1,20
6886,1,1,2, ,60,01,30,1,02
6888,1,1,4, ,90,01,00,2,15
6889,1,1,2, ,90,02,00,1,12
6892,1,1,4, ,20,03,00,2,03
6893,1,1,5,CALENTON DE LE?A,4,01,00,2,99
6894,1,1,2, ,40,01,00,2,20
6894,1,2,3, ,90,04,00,1,02
6898,1,1,4, ,120,12,00,1,99
6901,1,1,4, ,90,00,20,1,08
6906,1,1,4, ,30,00,15,1,15
6907,1,1,4, ,60,00,30,1,04
6910,1,1,5,CALENTON DE LE?A,90,03,00,1,21
6911,1,1,5,CALENTON DE LE?A,75,08,00,1,04
6913,1,1,5,CALENTON DE LE?A,90,06,00,1,04
6914,1,1,5,MINIESPLIT,90,12,00,1,06
6916,1,1,5,DE LE?A,60,24,00,1,01
6917,1,1,4, ,30,02,00,2,99
6918,1,1,4, ,120,06,00,1,02
6918,1,2,4, ,120,06,00,1,02
6919,1,1,4, ,75,00,10,1,06
6920,1,1,5,CALENTON DE LE?A,90,12,00,1,20
6921,1,1,5,CALENTON DE LE?A,120,03,00,2,04
6922,1,1,5,CALENTON DE METAL FUNCIONA A BASE DE LE?A,150,04,00,1,04
6923,1,2,5,CALENTON DE LE?A,60,07,00,1,04
6923,1,1,4, ,30,01,00,1,04
6924,1,1,4, ,90,06,00,1,10
6925,1,1,2, ,60,00,30,1,10
6926,1,2,5,CALENTON DE LE?A,150,12,00,1,07
6926,1,1,5,ESTUFA DE LE?A,150,12,00,1,29
6927,1,1,5,CALENTON DE LE?A,120,12,00,2,03
6928,1,1,5,CALENTON DE LE?A,120,02,00,1,02
6930,1,1,5,CALENTON DE LE?A,180,03,00,1,01
6931,1,2,5,CALENTON DE LE?A,180,02,00,1,06
6931,1,1,5,CALENTON DE L?A,180,01,00,1,06
6932,1,1,5,CALENTON DE LE?A,120,06,00,1,01
6934,1,2,4, ,150,04,00,1,05
6934,1,1,4, ,150,08,00,1,01
6935,1,1,4, ,90,04,00,1,01
6936,1,1,5,CALENTON DE LE?A,90,02,00,1,99
6939,1,1,5,CALEFACTOR DE LEÑA,180,10,00,1,01
6941,1,1,5,CALENTON DE LE?A,90,02,30,1,01
6942,1,1,5,CALENTON DE LE?A,150,01,30,1,08
6948,1,1,5,CALENTON DE LE?A,60,12,00,2,04
6953,1,1,4, ,60,02,00,1,05
6956,1,1,4, ,60,03,00,1,01
6957,1,1,5,CALENTON DE LE?A,30,01,00,2,99
6958,1,1,5,CALENTPON DE LE?LA,60,03,00,2,05
6964,1,1,5,CALENTON DE LEÑA,90,02,00,1,15
6965,1,1,5,CALENTON DE LEÑA,120,99,99,2,99
6966,1,1,5,CALENTONN DE LEÑA,120,10,00,1,04
6967,1,1,4, ,90,06,00,1,30
6968,1,1,4, ,150,08,00,1,10
6969,1,1,4, ,120,12,00,1,06
6970,1,1,5,CALENTON DE LEÑA,60,04,00,1,10
6971,1,1,5,CALENTON DE DIESEL,100,06,00,2,10
6972,1,1,4, ,120,04,00,1,07
6973,1,1,4, ,150,06,00,1,09
6975,1,1,5,CALENTON DE LEÑA,120,02,00,1,04
6976,1,1,5,CALENTON DE LEÑA,150,12,00,1,03
6977,1,1,4, ,120,01,00,1,15
6978,1,1,4, ,120,24,00,1,04
6979,1,1,4, ,120,03,00,1,07
6989,1,1,3, ,120,10,00,1,07
7000,1,1,5,CALENTON DE LEÑA,30,06,00,2,01
7002,1,1,4, ,45,02,00,1,10
7003,1,1,5,CALENTON DE LEÑA,20,03,00,1,07
7009,1,1,5,CHIMENEA DE LEÑA,120,12,00,1,05
7026,1,1,5,CALENTON DE LEÑA,365,04,00,1,07
7036,1,1,5,CALENTON DE LEÑA,60,04,00,2,03
7037,1,1,5,CALENTON DE LEÑA,90,12,00,1,03
7042,1,1,5,CALENTON DE LEÑA,365,08,00,2,07
7045,1,1,2, ,90,04,00,1,01
7047,1,1,5,ESTUFA DE LEÑA LA USA COMO CALEFACTOR EN INVIERNO,120,01,00,2,04
7048,1,1,5,CALENTON DE LEÑA,120,02,00,1,10
7051,1,1,5,ESTUFA DE LEÑA LA UTILIZAN PARA CALENTARSE,120,24,00,1,05
7054,1,1,5,CALENTON DE LENA,60,08,00,2,01
7055,1,1,5,CALENTON DE LEÑA,180,02,30,1,04
7056,1,1,5,CALENTON DE LEÑA,30,04,00,1,04
7060,1,1,2, ,90,04,00,1,05
7062,1,1,5,ESTUFA DE LEÑA LA USAN COMO CALEFACTOR,60,05,00,2,20
7065,1,1,2, ,90,05,00,2,03
7070,1,1,2, ,60,00,10,1,05
7072,1,1,5,CALENTON DE LE?A,180,06,00,2,02
7077,1,1,2, ,120,03,00,2,01
7078,1,1,2, ,30,04,00,1,04
7079,1,1,5,ESTUFA DE LE?A ?A USAN COMO CALEFACTOR,60,10,00,2,03
7080,1,1,4, ,30,02,00,1,01
7081,1,1,5,CALENTON DE LE?A,120,03,00,1,09
7122,1,2,1, ,30,02,00,1,30
7122,1,1,1, ,30,02,00,1,30
7154,1,2,2, ,15,08,00,2,02
7154,1,1,2, ,15,08,00,1,02
7184,1,1,3, ,15,08,00,1,03
7186,1,1,3, ,30,04,00,1,04
7189,1,1,3, ,15,02,00,1,02
7298,1,1,2, ,15,03,00,2,12
7303,1,1,5,DIGITAL,30,02,00,1,01
7376,1,1,1, ,8,08,00,1,10
7381,1,1,3, ,30,02,00,1,01
7384,1,1,2, ,60,03,00,1,10
7410,1,1,1, ,20,03,00,1,03
7413,1,1,1, ,5,01,00,1,04
7436,1,1,1, ,30,01,00,1,06
7542,1,1,2, ,30,08,00,2,10
7551,1,1,2, ,5,00,40,1,01
7572,1,1,2, ,5,04,00,2,08
7573,1,1,1, ,999,12,00,1,05
7573,1,2,1, ,90,05,00,1,08
7592,1,1,1, ,10,05,00,1,05
7595,1,1,1, ,90,02,00,1,03
7597,1,1,2, ,15,01,00,1,03
7597,1,2,2, ,15,00,30,1,03
7607,1,1,2, ,40,02,00,2,05
7654,1,1,3, ,60,05,00,1,02
7662,1,1,3, ,30,02,00,2,01
7701,1,1,1, ,60,03,00,1,01
7712,1,1,1, ,90,12,00,1,03
7737,1,1,1, ,60,04,00,1,10
7782,1,1,3, ,30,00,30,2,01
7783,1,1,1, ,30,05,00,1,01
7796,1,1,4, ,15,00,30,1,05
7815,1,1,1, ,30,05,00,1,01
7815,1,2,1, ,20,05,00,1,01
7832,1,1,3, ,30,04,00,1,12
7833,1,1,2, ,30,03,00,1,02
7839,1,1,1, ,60,04,00,2,06
7883,1,1,2, ,15,05,00,1,01
7887,1,1,2, ,4,00,15,2,06
7895,1,1,2, ,80,06,00,1,01
7972,1,1,2, ,2,03,00,1,11
7979,1,2,3, ,4,01,00,1,01
7979,1,1,2, ,16,03,00,1,05
8012,1,1,3, ,40,01,00,1,01
8019,1,1,5,MINIESPLIT,30,00,20,1,11
8021,1,1,1, ,30,02,00,1,10
8035,1,1,2, ,3,06,00,1,03
8044,1,1,1, ,60,04,00,1,02
8062,1,1,2, ,30,02,00,1,05
8088,1,1,1, ,15,04,00,1,06
8089,1,1,3, ,30,01,00,2,99
8120,1,1,2, ,60,03,00,1,01
8126,1,1,2, ,3,01,30,1,02
8139,1,1,2, ,30,01,00,1,01
8144,1,1,4, ,60,02,00,1,02
8154,1,1,4, ,30,04,00,1,06
8162,1,1,2, ,60,08,00,2,14
8162,1,2,2, ,12,12,00,2,08
8163,1,1,2, ,7,00,30,1,01
8164,1,1,1, ,2,02,00,2,01
8171,1,1,3, ,15,01,00,1,01
8172,1,1,5,MINISPLIT,999,99,99,1,08
8177,1,2,4, ,365,00,20,1,04
8177,1,1,4, ,365,00,20,1,02
8179,1,1,4, ,40,02,00,1,05
8189,1,1,2, ,30,01,00,1,20
8197,1,1,4, ,30,00,30,1,04
8212,1,1,2, ,8,06,00,2,99
8219,1,1,2, ,3,01,00,1,01
8232,1,1,2, ,7,01,00,1,04
8235,1,1,4, ,5,02,00,2,07
8239,1,1,3, ,30,03,00,1,01
8240,1,1,1, ,60,08,00,1,04
8240,1,2,3, ,60,10,00,1,03
8246,1,1,3, ,10,00,45,2,02
8252,1,1,2, ,30,03,00,1,03
8261,1,1,3, ,90,02,00,1,06
8267,1,1,3, ,7,02,00,1,01
8276,1,1,4, ,20,00,30,1,03
8279,1,1,2, ,15,05,00,1,05
8283,1,1,3, ,4,06,00,1,03
8283,1,2,3, ,4,06,00,1,07
8290,1,1,2, ,30,03,00,1,14
8290,1,2,2, ,30,04,00,1,14
8295,1,1,1, ,10,05,00,1,30
8302,1,1,1, ,15,06,00,1,01
8313,1,2,2, ,90,03,00,2,01
8313,1,1,1, ,90,06,00,2,99
8326,1,1,1, ,3,03,00,2,99
8332,1,1,2, ,90,00,30,1,01
8344,1,1,1, ,12,02,00,1,05
8355,1,1,1, ,30,02,00,1,08
8370,1,2,2, ,39,01,30,1,03
8370,1,1,2, ,30,01,00,1,01
8371,1,1,4, ,16,02,00,1,05
8376,1,1,2, ,60,10,00,1,01
8378,1,1,4, ,30,99,99,1,06
8386,1,1,3, ,60,00,20,1,03
8401,1,1,1, ,30,08,00,1,09
8411,1,1,2, ,90,07,00,1,02
8442,1,1,1, ,30,03,00,2,99
8454,1,1,1, ,15,02,00,1,04
8480,1,1,3, ,60,02,00,2,01
8504,1,1,1, ,1,06,00,2,99
8506,1,1,2, ,60,03,00,1,02
8510,1,1,4, ,60,10,00,1,02
8525,1,1,1, ,31,99,99,1,01
8551,1,1,3, ,6,00,30,1,02
8588,1,1,4, ,999,99,99,1,10
8607,1,1,2, ,7,06,00,2,99
8613,1,1,2, ,5,01,00,1,02
8624,1,1,2, ,30,99,99,1,01
8627,1,1,3, ,30,05,00,1,01
8629,1,1,3, ,30,08,00,2,03
8633,1,1,3, ,30,03,00,1,02
8647,1,1,3, ,8,00,20,1,01
8673,1,1,2, ,120,03,00,1,01
8693,1,1,3, ,16,04,00,1,02
8740,1,1,2, ,10,01,00,1,10
8741,1,1,2, ,30,00,30,1,01
8751,1,1,2, ,90,06,00,1,02
8758,1,1,4, ,7,00,20,1,11
8761,1,1,2, ,10,00,15,1,01
8766,1,1,3, ,2,02,00,2,04
8766,1,2,3, ,2,02,00,2,04
8776,1,1,1, ,3,04,00,2,01
8776,1,2,2, ,7,05,00,1,01
8781,1,1,2, ,33,02,00,1,01
8804,1,1,1, ,15,05,00,2,02
8826,1,2,3, ,60,02,00,1,01
8826,1,1,3, ,60,02,00,1,01
8829,1,1,2, ,30,02,00,1,04
8839,1,1,2, ,120,02,00,1,04
8858,1,1,1, ,30,08,00,1,03
9026,1,1,2, ,60,02,00,1,01
9050,1,1,1, ,200,00,20,1,05
9165,1,1,1, ,16,02,00,1,03
9172,1,1,1, ,20,04,00,1,02
9181,1,1,1, ,90,01,00,1,01
9212,1,1,3, ,15,03,00,1,03
9217,1,1,2, ,90,01,00,1,02
9239,1,1,2, ,45,03,00,1,01
9249,1,1,4, ,90,03,00,1,03
9440,1,1,1, ,30,03,00,2,05
9448,1,1,2, ,10,04,00,1,01
9451,1,1,2, ,30,03,00,1,15
9463,1,1,1, ,60,00,30,1,01
9484,1,1,2, ,30,01,00,1,07
9596,1,1,2, ,30,12,00,1,01
9658,1,1,2, ,60,04,00,1,01
9727,1,1,1, ,20,08,00,1,01
9793,1,1,9, ,30,01,30,1,05
10158,1,1,2, ,15,01,00,1,05
10700,1,1,1, ,30,01,00,1,01
10705,1,1,2, ,16,03,00,1,15
10709,1,1,3, ,30,00,20,1,05
10736,1,1,5,ES  TIPO PEDESTAL PEQUEÑO COMO VENTILADOR,40,02,00,1,05
10743,1,1,1, ,1,00,30,1,05
10761,1,1,4, ,4,00,30,1,01
10824,1,1,1, ,30,03,00,2,04
10883,1,1,2, ,60,02,00,1,01
10895,1,1,2, ,7,00,30,1,10
10904,1,1,2, ,30,00,20,1,02
10927,1,1,3, ,30,02,00,1,01
10948,1,1,1, ,30,00,40,1,01
10988,1,1,1, ,40,06,00,2,01
11178,1,1,3, ,999,01,30,1,02
11223,1,1,1, ,4,00,45,1,01
11230,1,1,2, ,60,04,00,2,03
11241,1,1,2, ,25,02,00,1,02
11536,1,1,2, ,15,03,00,1,01
11545,1,1,3, ,3,03,00,1,10
11567,1,1,2, ,30,12,00,1,01
11599,1,1,3, ,70,02,00,1,03
11837,1,1,2, ,30,08,00,1,01
11845,1,1,2, ,999,99,99,1,06
11941,1,1,2, ,60,01,00,2,99
12031,1,1,9, ,3,02,00,1,03
12038,1,1,2, ,20,05,00,1,01
12038,1,2,2, ,20,05,00,1,01
12186,1,1,2, ,30,01,00,1,04
12518,1,1,2, ,6,01,00,1,01
12661,1,1,2, ,30,02,00,1,05
12760,1,1,4, ,90,12,00,1,01
12760,1,2,4, ,90,12,00,1,01
12897,1,1,3, ,30,00,10,1,04
12924,1,1,1, ,30,03,00,1,01
12943,1,1,1, ,30,06,00,1,06
12994,1,1,2, ,30,02,00,1,04
13075,1,1,2, ,60,04,00,1,01
13120,1,2,1, ,30,03,00,1,10
13120,1,1,1, ,30,02,00,1,10
13165,1,1,1, ,90,06,00,1,02
13179,1,1,1, ,80,02,00,1,10
13180,1,1,2, ,90,02,00,1,05
13243,1,1,2, ,20,02,00,1,01
13364,1,1,2, ,15,03,00,1,04
13384,1,1,2, ,60,03,00,2,06
13430,1,3,3, ,45,03,00,1,03
13430,1,2,3, ,45,03,00,1,03
13430,1,1,3, ,45,03,00,1,03
13552,1,1,5,UN APARATO MUY MODRNO,3,08,00,1,08
13587,1,1,1, ,20,03,00,1,05
13617,1,1,1, ,30,00,30,1,15
13707,1,1,2, ,20,00,20,1,02
13734,1,1,1, ,60,04,00,1,02
13821,1,1,4, ,20,02,00,1,10
14086,1,1,2, ,104,01,00,1,01
14102,1,1,3, ,7,08,00,1,08
14177,1,1,2, ,5,00,30,2,02
14227,1,1,2, ,15,03,00,1,03
14508,1,1,2, ,15,04,00,1,08
14577,1,1,1, ,3,01,00,1,06
15223,1,1,2, ,30,10,00,1,02
15241,1,1,2, ,60,00,20,1,03
15307,1,1,2, ,36,04,00,2,02
15380,1,1,3, ,30,01,30,1,03
15414,1,1,2, ,60,00,30,2,01
15532,1,1,2, ,60,03,00,1,02
15956,1,1,5,ES TIPO VENTILADOR,15,03,00,1,01
16021,1,1,2, ,1,04,00,2,03
16091,1,1,5,MINISPLIT,10,04,00,1,01
16093,1,1,5,MINISPLIT INVERTER,10,05,00,1,02
16096,1,1,5,MINISPLIT,90,01,00,1,01
16101,1,1,2, ,20,04,00,1,01
16102,1,1,3, ,20,01,00,2,01
16106,1,1,5,MINISPLIT,10,06,00,1,06
16110,1,2,5,MINISPLIT INVERTER,5,04,00,1,08
16110,1,1,2, ,5,02,00,1,02
16113,1,1,5,MINISPLIT,5,02,00,1,03
16114,1,1,3, ,30,04,00,1,03
16116,1,1,2, ,4,01,00,1,01
16117,1,1,4, ,10,02,00,1,01
16118,1,1,1, ,15,08,00,1,03
16119,1,1,1, ,5,10,00,1,06
16123,1,1,4, ,30,03,00,1,05
16127,1,1,2, ,60,09,00,1,02
16134,1,1,2, ,20,02,00,1,05
16144,1,1,4, ,14,03,00,1,01
16146,1,1,4, ,30,06,00,1,02
16147,1,1,2, ,60,05,00,1,01
16148,1,1,5,MINISPLIT INVERTER,30,06,00,2,02
16153,1,1,5,MINISPLIT,15,03,00,1,02
16154,1,1,1, ,15,03,00,1,02
16157,1,1,3, ,3,02,00,2,03
16159,1,1,2, ,10,05,00,1,02
16163,1,1,4, ,30,06,00,1,03
16164,1,1,4, ,40,05,00,1,06
16164,1,2,4, ,40,03,00,1,05
16165,1,1,5,MINISPLIT ENCENDIDO/APAGADO,90,08,00,2,07
16166,1,1,4, ,60,04,00,1,10
16170,1,1,5,MINISPLIT DE ENCENDIDO Y APAGADO,90,08,00,1,04
16170,1,2,5,MINISPLIT DE ENCENDIDO Y APAGADO,90,08,00,1,04
16171,1,2,5,MINISPLIT,90,12,00,1,10
16171,1,1,5,MINISPLIT,90,12,00,1,05
16172,1,5,4, ,90,06,00,1,03
16172,1,3,5,MINISPLIT,90,06,00,1,07
16172,1,2,5,MINISPLIT,90,06,00,1,07
16172,1,1,5,MINISPLIT,60,06,00,1,07
16172,1,4,4, ,90,03,00,1,05
16174,1,1,4, ,3,10,00,1,08
16176,1,1,4, ,21,02,00,1,01
16178,1,1,5,MINI SPLIT INVERTER,5,04,00,2,01
16179,1,1,5,DE VENTANA,15,04,00,1,08
16179,1,2,5,MINISPILT DE ENCENDIDO Y APAGADO,30,07,00,1,08
16182,1,1,4, ,30,04,00,1,02
16183,1,1,3, ,20,05,00,1,02
16188,1,1,5,MINISPLIT ENCENDIDO APAGADO,90,03,00,1,03
16189,1,1,2, ,15,00,30,1,02
16194,1,1,2, ,40,04,00,1,01
16194,1,2,2, ,40,03,00,1,01
16203,1,1,2, ,40,17,00,2,08
16209,1,1,5,MINISPLIT DE ENCENDIDO Y APAGADO,5,03,00,1,01
16219,1,1,4, ,10,06,00,1,06
16222,1,1,2, ,10,04,00,1,03
16226,1,1,1, ,90,01,00,1,03
16227,1,1,4, ,10,02,00,1,09
16228,1,1,2, ,5,01,00,2,03
16229,1,1,1, ,90,02,00,1,05
16231,1,1,5,MINISPLI,10,02,00,1,02
16232,1,1,3, ,10,03,00,1,01
16233,1,1,5,MINISPLIT,3,02,00,1,10
16235,1,1,4, ,30,04,00,1,04
16253,1,1,5,MINISPLIT ENCENDIDO APAGADO,30,04,00,1,07
16253,1,2,5,MINISPLIT ENCENDIDO APAGADO,30,02,00,1,07
16254,1,2,5,MINISPLIT DE ENCENDIDO Y APAGADO,60,02,00,1,07
16254,1,1,4, ,30,04,00,1,20
16257,1,1,5,CENTRAL,90,12,00,2,10
16259,1,1,5,MINISPLIT INVERTER,90,04,00,1,03
16259,1,2,5,MINISPLIT INVERTER,90,07,00,1,03
16260,1,1,5,CALENTADOR DE GAS DE PIEDRAS REFRACTARIAS,30,04,00,1,15
16261,1,1,5,MINISPLIT DE ENCENDIDO Y APAGADO,90,08,00,1,05
16262,1,3,5,MINISPLIT ENCENDIDO APAGADO,5,05,00,1,01
16262,1,2,4, ,60,05,00,1,11
16262,1,1,5,MINISPLIT ENCENDIDO Y APAGADO,5,05,00,1,02
16267,1,3,5,MINISPLIT ENCENDIDO APAGADO,12,03,00,1,06
16267,1,2,5,MINISPLIT ENCENDIDO APAGADO,45,03,00,1,06
16267,1,1,5,MINISPLIT ENCENDIDO APAGADO,45,03,00,1,10
16277,1,1,1, ,60,01,00,2,03
16280,1,1,3, ,60,01,00,1,02
16286,1,1,2, ,10,04,00,2,02
16302,1,1,5,MINISPLIT ENCENDIDO Y APAGADO,7,06,00,1,01
16305,1,2,5,MINISPLIT INVERTER,90,09,00,1,01
16305,1,1,5,MINISPLIT ENCENDIDO APAGADO,90,08,00,1,04
16306,1,1,5,MINISPLIT INVERTER,90,02,00,1,04
16307,1,1,5,MINISPLIT INVERTER,90,03,00,1,01
16307,1,2,5,MINISPLIT INVERTER,90,03,00,1,01
16308,1,1,2, ,90,02,00,1,34
16312,1,1,3, ,32,00,20,1,01
16316,1,1,4, ,30,08,00,1,07
16321,1,1,5,MINISPLIT ENCENDIDO APAGADO,90,06,00,1,01
16328,1,1,5,MINISPLIT DE ENCENDIDO APAGADO,30,02,00,1,01
16328,1,2,2, ,30,02,00,1,01
16336,1,1,3, ,20,04,00,1,04
16336,1,2,5,CLIMA DE VENTANA,10,01,00,1,20
16338,1,1,5,MINISPLIT ENCENDIDO/APAGADO,30,03,00,1,03
16339,1,1,2, ,15,04,00,1,01
16344,1,1,2, ,7,03,00,2,01
16348,1,1,4, ,35,08,00,2,06
16351,1,1,5,MINISPLIT ENCENDIDO APAGADO,40,05,00,1,02
16351,1,2,5,MINISPLIT ENCENDIDO APAGADO,120,05,00,1,04
16351,1,3,5,MINISPLIT INVERTER,120,05,00,1,01
16365,1,1,2, ,30,00,30,1,02
16367,1,2,2, ,6,01,00,1,01
16367,1,1,2, ,21,02,00,1,01
16368,1,1,5,MINISPLIT ENCENDIDO Y APAGADO,18,07,00,1,03
16369,1,1,5,MINISPLIT ENCENDIDO APAGADO,90,05,00,1,05
16369,1,2,5,MINISPLIT INVERTER,90,05,00,1,01
16370,1,1,5,MINISPLIT INVERTE,15,05,00,1,02
16371,1,1,3, ,9,03,00,2,01
16376,1,1,5,MINISPLIT DE ENCENDIDO Y APAGADO,30,06,30,1,03
16383,1,1,5,NMINISPLIT DE ENCENDIDO APAGADO,90,03,00,1,06
16388,1,1,2, ,13,03,00,1,01
16396,1,1,2, ,6,04,00,1,03
16398,1,2,5,MINISPLIT DE ENCENDIDO Y APAGADO,40,06,00,1,02
16398,1,1,5,SON MINISPLIT DE ENCENDIDO Y APAGADO,40,06,00,1,04
16400,1,1,5,INVERTER,30,08,00,1,01
16401,1,1,4, ,25,05,00,2,03
16405,1,1,2, ,45,03,00,1,02
16415,1,1,5,MINISPLIT,1,08,00,1,06
16421,1,2,2, ,30,02,00,1,01
16421,1,1,3, ,30,02,00,1,03
16426,1,2,5,MINISPLIT DE ENCENDIDO APAGADO,90,06,00,1,02
16426,1,1,5,MINISPLIT DE ENCENDIDO APADADO,90,08,00,1,02
16432,1,1,5,MINISPLIT INVERTER,90,03,00,1,01
16433,1,1,5,MINISPLIT INVERTER,30,06,00,1,08
16439,1,1,3, ,60,05,00,1,08
16440,1,1,2, ,60,04,00,1,02
16440,1,2,2, ,60,04,00,1,02
16441,1,1,5,MINSPLIT ENCENDIDO APAGADO,150,02,00,1,03
16450,1,1,2, ,4,02,00,2,02
16454,1,1,4, ,30,06,00,2,06
16455,1,2,2, ,60,02,00,1,06
16455,1,1,2, ,60,08,00,1,01
16456,1,1,2, ,30,04,00,1,01
16457,1,1,2, ,30,03,00,1,99
16458,1,1,1, ,30,04,00,1,04
16459,1,1,2, ,7,06,00,1,02
16460,1,1,4, ,90,12,00,1,08
16463,1,1,2, ,60,08,00,2,01
16463,1,2,3, ,45,02,00,1,05
16465,1,1,2, ,15,04,00,1,04
16470,1,1,4, ,90,03,00,2,20
16472,1,1,2, ,7,03,00,1,17
16476,1,1,1, ,120,10,00,1,08
16477,1,1,4, ,30,00,30,1,10
16477,1,2,5,MINISPLIT DE ENCENDIDO Y APAGADO,12,00,30,1,06
16479,1,1,5,MINISPLIT DE ENCENDIDO Y APAGADO,90,08,00,2,04
16487,1,1,4, ,6,04,00,1,06
16490,1,2,5,MINISPLIT ENCENDIDO APAGADO,60,02,00,1,06
16490,1,1,5,MINISPLIT ENCENDIDO APAGADO,60,02,00,1,03
16491,1,1,1, ,30,08,00,1,01
16491,1,2,4, ,30,03,00,1,04
16492,1,1,5,MINISPLIT INVERTER,60,08,00,1,03
16492,1,2,5,MINISPLIT INVERTER,60,08,00,1,02
16493,1,1,5,MINISPLIT  INVERTER,60,24,00,1,02
16493,1,2,5,MINISPLIT ENCENDIDO APAGADO,60,08,00,1,14
16515,1,1,5,MINISPLIT,5,08,00,1,03
16516,1,1,3, ,90,06,00,1,06
16518,1,1,2, ,120,05,00,2,10
16520,1,1,5,MINISPLIT INVERTER,60,02,00,1,02
16520,1,2,5,MINISPLIT INVERTER,60,02,00,1,02
16521,1,2,5,MINISPLIT INVERTER,90,03,00,1,02
16521,1,1,5,MINISPLIT INVERTER,90,03,00,1,02
16522,1,1,5,MINISPLIT INVERTE,90,12,00,1,02
16522,1,2,5,MINISPLIT INVERTER,90,12,00,1,02
16522,1,5,2, ,30,02,00,1,01
16522,1,4,4, ,120,06,00,1,03
16522,1,3,5,MINISPLIT INVERTER,90,12,00,1,02
16524,1,1,5,MINISPLIT ENCENDIDO APAGADO,30,04,00,1,04
16524,1,2,5,MINISPLIT ENCENDIDO APAGADO,30,04,00,1,04
16524,1,3,1, ,120,08,00,1,20
16533,1,1,2, ,120,03,00,1,01
16534,1,1,4, ,10,08,00,1,05
16540,1,2,2, ,15,03,00,1,02
16540,1,1,2, ,15,02,00,1,05
16557,1,1,5,MINISPLIT DE ENCENDIDO/APAGADO,45,08,00,1,01
16559,1,1,5,MINISPLIT DE ENCENDIDO/APAGADO,10,03,00,1,02
16561,1,1,2, ,15,04,00,2,03
16562,1,2,5,MINISPLIT DE ENCENDIDO Y APAGADO,40,03,00,1,02
16562,1,1,5,MINISPLIT DE ENCENDIDO Y APAGADO,40,03,00,1,02
16563,1,2,5,MINISPLIT DE ENCENDIDO Y APAGADO,60,02,00,1,06
16563,1,1,5,MINISPLIT DE ENCENDIDO APAGADO,100,04,00,1,05
16564,1,2,5,MINISPLIT INVERTER,30,02,00,1,02
16564,1,1,5,MINISPLIT DE ENCENDIDO APAGADO,30,02,00,1,05
16570,1,1,2, ,60,05,00,1,04
16572,1,1,2, ,60,03,00,2,06
16580,1,1,2, ,30,10,00,2,01
16583,1,1,1, ,30,00,30,1,08
16583,1,3,3, ,30,01,00,1,03
16583,1,2,2, ,30,01,00,1,03
16584,1,2,2, ,180,06,00,1,01
16584,1,1,2, ,180,06,00,1,01
16584,1,3,4, ,180,06,00,1,01
16585,1,2,4, ,60,12,00,1,05
16585,1,1,4, ,60,12,00,1,08
16586,1,1,4, ,60,24,00,1,10
16586,1,2,4, ,20,04,00,1,04
16586,1,3,4, ,20,04,00,1,04
16589,1,4,4, ,60,01,00,1,02
16589,1,1,5,MINISPLIT INVERTER,120,06,00,1,01
16589,1,2,4, ,120,01,00,1,02
16589,1,5,4, ,60,01,00,1,02
16589,1,3,4, ,120,01,00,1,02
16591,1,2,4, ,15,02,00,1,10
16591,1,1,4, ,25,02,00,1,10
16593,1,1,5,MINISPLIT ENCENDIDO APAGADO,60,03,00,1,05
16593,1,2,5,MINISPLIT ENCENDIDO APAGADO,90,06,00,1,05
16594,1,1,4, ,90,02,00,1,01
16595,1,1,2, ,30,02,00,1,10
16596,1,2,5,MINISPLIT INVERTER,30,03,00,1,04
16596,1,3,5,MINISPLIT INVERTER,30,03,00,1,04
16596,1,1,5,MINSPLIT INVERTER,30,03,00,1,04
16597,1,2,1, ,180,09,00,1,99
16597,1,1,1, ,180,09,00,1,99
16600,1,1,3, ,90,01,00,1,02
16601,1,2,4, ,30,06,00,1,05
16601,1,1,4, ,30,06,00,1,01
16607,1,1,5,MINISPLIT ENCENDIDO APAGADO,1,03,00,1,01
16610,1,1,5,MINISPLIT ENCENDIDO APAGADO,90,06,00,1,03
16614,1,1,5,MINI SPLIT ENCENDIDO APAGADO,30,02,00,1,04
16614,1,2,5,MINISPLIT ENCENDIDO APAGADO,30,04,00,1,04
16616,1,1,5,MINISPLIT INVERTER,20,03,00,1,02
16618,1,2,5,MINISPLIT ENCENDIDO APAGADO,90,08,00,1,03
16618,1,1,5,MINISPLIT ENCENDIDO APAGADO,90,10,00,1,08
16619,1,1,4, ,60,12,00,1,30
16621,1,1,5,MINISPLIT DE ENCENDIDO APAGADO,30,08,00,1,09
16621,1,2,5,MINISPLIT DE ENCENDIDO APAGADO,30,01,00,1,09
16622,1,1,5,MINISPLIT,60,03,00,1,01
16623,1,1,2, ,30,02,00,1,01
16623,1,3,2, ,30,02,00,1,01
16623,1,2,2, ,30,02,00,1,01
16628,1,1,4, ,6,06,00,1,10
16630,1,1,4, ,60,03,00,1,02
16631,1,1,5,MINISPILT,20,05,00,1,05
16632,1,1,5,MINISPLIT DE ENCENDIDO APAGADO,4,06,00,1,05
16636,1,1,3, ,20,02,00,1,03
16640,1,1,5,MINISPLIT INVERTER,20,02,00,1,05
16641,1,1,4, ,30,01,00,2,20
16647,1,1,2, ,15,08,00,1,01
16648,1,2,2, ,60,02,00,1,05
16648,1,1,5,MINISPLIT INVERTER,120,04,00,1,01
16659,1,1,4, ,310,12,00,1,10
16659,1,2,4, ,3,12,00,1,10
16662,1,1,2, ,60,02,00,2,06
16663,1,1,5,MINIPLIT,90,12,00,2,03
16663,1,2,3, ,90,06,00,1,01
16678,1,2,2, ,30,03,00,2,15
16678,1,1,2, ,30,03,00,2,15
16684,1,1,4, ,90,14,00,2,09
16685,1,2,5,MINISPLIT ENCENDIDO APAGADO,10,08,00,2,01
16685,1,1,5,MINISPLIT ENCENDIDO APAGADO,3,05,00,2,01
16686,1,1,5,MINISPLIT ENCENDIDO APAGADO,60,02,00,2,05
16688,1,1,4, ,8,02,00,1,05
16690,1,1,4, ,15,05,00,1,03
16692,1,1,4, ,5,00,30,1,20
16694,1,1,4, ,60,03,00,1,01
16697,1,1,1, ,3,01,00,1,05
16699,1,1,5,MINISPLIT INVERTER,30,05,00,1,02
16706,1,1,4, ,30,03,00,2,12
16710,1,1,4, ,20,01,30,1,03
16722,1,1,5,MINISPLIT ENCENDIDO APAGADO,90,02,00,1,04
16722,1,2,5,MINISPLIT ENCENDIDO APAGADO,90,02,00,1,04
16723,1,1,5,CLIMA DE VENTANA,60,04,00,1,12
16725,1,1,5,MINISPLIT INVERTER,90,02,00,1,01
16732,1,1,5,MINISPLIT ENCENDIDO APAGADO,90,01,00,1,03
16743,1,1,1, ,120,08,00,1,01
16748,1,1,4, ,20,06,00,1,01
16753,1,1,2, ,30,05,00,1,02
16753,1,2,2, ,30,03,00,2,01
16757,1,1,2, ,120,05,00,1,08
16758,1,1,2, ,60,01,30,2,01
16759,1,1,5,MINISPLIT INVERTER,60,01,00,1,01
16767,1,1,5,MINISPLIT ENCENDIDO APAGADO,60,05,00,1,02
16767,1,2,5,MINISPLIT ENCENDIDO APAGADO,60,08,00,2,05
16768,1,1,4, ,90,12,00,1,10
16770,1,3,5,MINISPLIT ENCENDICO APAGADO,90,06,00,1,05
16770,1,2,5,MINISPLIT ENCENDIDO APAGADO,90,06,00,1,05
16770,1,1,5,MINISPLIT ENCENDICO APAGADO,90,06,00,1,05
16777,1,1,2, ,3,05,00,2,01
16780,1,1,5,MINISPLIT,24,01,00,1,05
16780,1,2,3, ,10,08,00,1,01
16781,1,1,1, ,90,10,00,2,01
16781,1,2,1, ,90,10,00,1,01
16795,1,1,2, ,30,01,00,2,05
16802,1,1,4, ,36,02,00,1,04
16818,1,1,1, ,30,24,00,2,01
16819,1,1,2, ,90,08,00,1,01
16823,1,1,2, ,20,16,00,2,01
16834,1,1,2, ,60,00,30,2,03
16841,1,1,5,MINISPLIT,60,24,00,1,03
16842,1,2,2, ,60,06,00,1,08
16842,1,1,4, ,30,01,00,1,15
16843,1,3,5,MINISPLIT,60,08,00,1,03
16843,1,2,5,MISMO EQUIPO DE MINISPLIT,60,08,00,1,03
16843,1,1,5,SON EL MISMO EQUIPO DE MINISPLIT,60,08,00,1,01
16847,1,1,4, ,20,07,00,1,20
16847,1,2,4, ,30,12,00,1,15
16848,1,1,5,MINISPLIT INVERTER,30,04,00,1,04
16849,1,1,5,MINISPLIT DE ENCENDIDO Y APAGADO,30,02,00,1,02
16849,1,3,5,MINISPLIT  DE ENCENDIDO Y APAGADO,30,04,00,1,06
16849,1,2,5,MINISPLIT DE ENCENDIDO Y APAGADO,30,02,00,1,06
16855,1,1,2, ,30,02,00,1,10
16871,1,1,2, ,60,12,00,1,05
16873,1,1,5,MINISPLIT,60,03,00,1,05
16881,1,1,2, ,60,05,00,1,02
16883,1,1,2, ,60,01,00,1,14
16886,1,1,2, ,15,02,00,2,06
16906,1,1,1, ,15,12,00,1,01
16906,1,2,2, ,15,05,00,1,01
16934,1,1,5,MINISPLIT,60,06,00,1,01
16941,1,1,2, ,60,02,00,1,03
16952,1,1,2, ,40,02,00,2,03
16957,1,1,3, ,30,03,00,2,02
16969,1,1,5,MINISPLIT ENCENDIDO APAGADO,60,05,00,1,05
16976,1,1,5,MINISPLIT,30,04,00,1,01
16979,1,1,2, ,15,03,00,1,02
16986,1,1,5,MINISPLIT,30,03,00,1,04
17030,1,1,3, ,20,08,00,1,04
17096,1,1,2, ,156,00,30,1,01
17348,1,1,2, ,60,08,00,1,17
17938,1,1,3, ,30,08,00,1,04
17945,1,1,1, ,8,02,00,1,04
17968,1,1,3, ,90,00,20,1,04
18024,1,1,2, ,60,01,00,1,10
18034,1,1,2, ,10,00,30,2,03
18040,1,1,1, ,30,03,00,1,01
18041,1,2,1, ,20,02,00,2,07
18041,1,1,1, ,20,03,00,1,21
18130,1,1,2, ,30,03,00,1,03
18130,1,2,2, ,30,03,00,1,01
18157,1,1,1, ,60,03,00,1,02
18168,1,1,4, ,30,01,00,1,05
18470,1,1,3, ,20,02,00,1,01
18519,1,1,3, ,30,12,00,1,01
18647,1,1,2, ,3,02,00,1,01
18648,1,1,2, ,15,02,00,1,02
18658,1,1,2, ,90,05,00,1,01
18699,1,1,2, ,20,00,30,1,02
18819,1,1,2, ,28,02,00,2,03
18847,1,1,2, ,3,01,00,1,15
18859,1,1,1, ,20,01,00,2,99
18862,1,1,2, ,15,01,00,1,01
18899,1,1,3, ,35,08,00,1,03
18900,1,1,1, ,20,01,30,1,03
18918,1,1,1, ,40,02,00,1,08
18936,1,1,1, ,8,01,00,1,07
18969,1,1,1, ,30,06,00,1,12
18969,1,2,1, ,30,06,00,1,06
18970,1,1,4, ,30,03,00,1,05
18976,1,1,4, ,12,06,00,1,15
18987,1,2,4, ,30,08,00,1,01
18987,1,1,4, ,30,08,00,1,01
18988,1,1,1, ,15,04,00,1,11
19003,1,1,1, ,30,04,00,1,02
19030,1,1,3, ,24,00,10,2,01
19040,1,1,1, ,30,03,00,1,07
19104,1,1,4, ,30,02,00,1,05
19117,1,1,3, ,120,08,00,1,05
19117,1,2,3, ,120,08,00,1,05
19135,1,1,2, ,50,08,00,1,03
19162,1,1,2, ,7,02,00,1,40
19180,1,1,5,MINISPLIT EN MODO CALEFACCION,10,02,00,1,05
19184,1,1,5,AIRE ACONDICIONADO Y CALEFACCION,20,00,30,1,01
19187,1,1,4, ,5,02,00,1,20
19215,1,1,1, ,60,01,00,1,03
19220,1,1,2, ,5,02,00,1,02
19222,1,1,2, ,60,03,00,1,08
19229,1,1,2, ,20,01,00,1,07
19231,1,1,1, ,60,07,00,1,06
19233,1,2,5,MINISPLIT,30,03,00,1,03
19233,1,1,5,MINISPLIT,30,03,00,1,04
19237,1,1,1, ,60,09,00,1,12
19244,1,1,5,DE CERAMICA,90,12,00,1,07
19246,1,1,2, ,15,05,00,1,01
19258,1,1,2, ,10,02,00,1,02
19263,1,1,1, ,4,02,00,1,10
19271,1,1,3, ,4,00,15,1,01
19272,1,1,1, ,8,03,00,1,25
19272,1,2,1, ,8,03,00,1,25
19280,1,1,4, ,90,02,00,1,01
19286,1,1,2, ,20,02,00,1,25
19341,1,1,1, ,60,02,00,1,07
19367,1,1,2, ,15,01,00,1,10
19368,1,1,2, ,60,05,00,1,08
19401,1,1,2, ,2,00,30,1,01
19427,1,1,2, ,45,01,00,1,01
19441,1,1,1, ,60,06,00,1,03
19483,1,1,3, ,90,02,00,1,08
19549,1,2,2, ,30,03,00,1,02
19549,1,1,2, ,30,03,00,1,02
19588,1,1,1, ,30,08,00,2,05
20687,1,1,2, ,30,08,00,1,06
20713,1,1,4, ,3,00,30,1,05
20735,1,1,4, ,20,02,00,1,02
20770,1,1,2, ,36,00,30,1,01
20783,1,1,1, ,14,07,00,2,99
20796,1,2,4, ,20,03,00,1,02
20796,1,1,3, ,20,03,00,1,01
20797,1,1,2, ,24,02,00,1,01
20797,1,2,2, ,12,01,00,1,01
20804,1,1,4, ,2,03,00,1,05
20806,1,1,1, ,30,02,00,1,10
20807,1,1,3, ,60,00,15,1,04
20807,1,3,4, ,60,01,00,1,02
20807,1,2,4, ,60,01,00,1,03
20809,1,1,4, ,10,02,00,1,05
20818,1,1,2, ,5,99,99,1,01
20842,1,1,1, ,50,24,00,1,15
20843,1,1,3, ,30,00,20,1,15
20862,1,1,2, ,25,03,00,1,08
20867,1,1,1, ,10,05,00,1,15
20868,1,1,1, ,30,06,00,1,03
20870,1,1,2, ,15,02,00,2,01
20902,1,1,3, ,5,08,00,1,04
20904,1,1,3, ,30,02,00,1,01
20920,1,1,2, ,30,00,30,2,99
20926,1,1,2, ,20,08,00,2,05
20932,1,1,2, ,10,01,00,1,10
20935,1,1,1, ,30,07,00,1,05
20941,1,1,2, ,15,06,00,1,01
20942,1,1,2, ,15,01,00,1,01
20960,1,1,2, ,30,01,00,1,02
20963,1,1,2, ,7,01,00,2,02
20977,1,1,2, ,14,07,00,1,01
20981,1,1,1, ,45,02,00,1,01
20981,1,2,3, ,45,02,00,1,03
20984,1,1,1, ,5,04,00,1,02
20988,1,2,2, ,5,02,00,1,10
20988,1,1,2, ,5,02,00,1,08
21018,1,1,2, ,30,06,00,2,15
21029,1,1,4, ,20,02,00,1,02
21059,1,2,2, ,60,06,00,1,01
21059,1,1,2, ,60,06,00,1,01
21087,1,1,2, ,40,06,00,1,04
21128,1,1,3, ,90,02,00,1,03
21143,1,1,2, ,15,01,00,1,01
21143,1,2,2, ,15,01,00,1,01
21157,1,1,2, ,14,08,00,1,01
21189,1,1,5,MINIESPLIT,40,08,00,2,02
21197,1,1,3, ,20,05,00,1,01
21216,1,1,2, ,16,01,00,1,01
21251,1,1,2, ,60,02,00,1,03
21262,1,1,3, ,40,03,00,1,01
21268,1,1,2, ,8,00,30,2,06
21293,1,1,2, ,3,00,03,1,01
21294,1,1,5,CALEFACTOR TIPO VENTILADOR PARECIDO AL DE TORRE,1,01,00,1,01
21299,1,1,2, ,30,08,00,1,01
21339,1,1,2, ,30,02,00,1,04
21349,1,1,4, ,60,01,30,1,01
21384,1,1,3, ,30,03,00,1,05
21386,1,2,2, ,5,02,00,1,03
21386,1,1,3, ,10,01,00,1,06
21429,1,1,2, ,30,12,00,2,01
22386,1,1,2, ,60,03,00,1,08
22637,1,1,3, ,30,01,00,1,01
22638,1,1,1, ,60,10,00,1,03
22648,1,1,2, ,5,00,05,1,01
22685,1,1,2, ,60,01,00,1,01
22689,1,1,3, ,90,07,00,2,04
22774,1,1,2, ,30,03,00,1,07
22799,1,1,2, ,8,03,00,1,01
22833,1,1,1, ,4,00,15,1,15
22841,1,1,3, ,10,06,00,1,05
22841,1,2,3, ,10,01,00,1,03
22866,1,1,2, ,4,02,00,2,03
22876,1,1,2, ,60,01,00,1,07
22890,1,2,2, ,30,24,00,1,01
22890,1,1,1, ,3,08,00,1,06
22898,1,1,2, ,40,03,00,1,04
22901,1,1,1, ,7,08,00,1,06
22965,1,1,1, ,30,03,00,1,08
22970,1,1,2, ,15,03,00,1,01
22988,1,1,4, ,90,08,00,1,03
22990,1,2,4, ,90,05,00,1,04
22990,1,1,4, ,90,06,00,1,03
22992,1,2,5,MINISPLIT,20,01,40,1,02
22992,1,1,4, ,180,08,00,1,05
22995,1,1,4, ,32,05,00,1,03
22997,1,1,2, ,90,01,00,1,01
23005,1,1,4, ,90,01,00,2,05
23007,1,1,4, ,90,04,00,1,02
23012,1,2,4, ,160,05,00,1,05
23012,1,1,4, ,160,05,00,1,05
23012,1,3,4, ,160,05,00,1,05
23014,1,1,2, ,75,00,30,1,01
23016,1,1,4, ,35,00,40,1,02
23017,1,1,4, ,15,01,00,1,01
23018,1,1,2, ,30,03,00,1,03
23021,1,2,2, ,30,01,30,1,03
23021,1,1,4, ,30,06,00,1,04
23022,1,1,2, ,60,06,00,1,01
23024,1,2,4, ,90,10,00,1,04
23024,1,1,4, ,90,10,00,1,07
23025,1,1,2, ,60,02,00,1,02
23027,1,2,4, ,60,04,00,1,08
23027,1,1,4, ,60,04,00,1,08
23030,1,1,4, ,90,10,00,1,99
23033,1,1,2, ,250,00,15,1,03
23038,1,1,4, ,62,01,00,1,05
23039,1,1,2, ,90,04,00,1,01
23039,1,2,2, ,20,02,00,1,01
23041,1,1,2, ,120,12,00,1,03
23045,1,1,1, ,90,03,00,1,01
23053,1,1,2, ,60,05,00,1,03
23055,1,1,2, ,60,02,00,1,01
23093,1,1,4, ,150,24,00,1,02
23093,1,2,2, ,60,04,00,1,02
23094,1,1,4, ,40,01,00,1,20
23099,1,3,4, ,120,08,00,1,03
23099,1,2,4, ,120,08,00,1,03
23099,1,1,4, ,120,08,00,1,02
23102,1,1,4, ,15,04,00,2,02
23106,1,1,4, ,60,12,00,1,03
23108,1,1,2, ,30,02,00,1,01
23109,1,1,4, ,54,04,00,1,02
23111,1,1,4, ,7,02,00,1,07
23112,1,1,4, ,5,06,00,1,04
23115,1,1,2, ,2,07,00,1,02
23115,1,3,2, ,15,04,00,1,02
23115,1,2,2, ,2,07,00,1,04
23124,1,2,5,MINISPLIT,59,07,00,1,01
23124,1,1,2, ,4,04,00,2,01
23132,1,1,2, ,6,06,00,1,05
23151,1,1,2, ,30,08,00,1,01
23159,1,1,3, ,60,11,00,2,01
23161,1,1,2, ,10,02,00,1,99
23166,1,1,4, ,180,12,00,1,10
23166,1,2,4, ,120,01,00,1,03
23170,1,1,2, ,120,00,15,1,01
23174,1,1,5,DE LEÑA,180,24,00,2,25
23176,1,1,2, ,90,01,30,1,04
23178,1,2,4, ,240,08,00,1,03
23178,1,1,4, ,240,05,00,1,03
23178,1,3,4, ,240,06,00,1,03
23180,1,1,4, ,180,01,00,1,05
23180,1,2,4, ,150,03,00,1,05
23184,1,1,1, ,2,00,10,2,10
23192,1,1,3, ,15,01,00,2,01
23206,1,1,2, ,8,04,00,1,12
23222,1,1,2, ,60,05,00,1,05
23222,1,2,2, ,60,07,00,1,05
23224,1,1,4, ,5,01,00,1,02
23229,1,1,2, ,90,08,00,1,02
23234,1,1,2, ,2,00,25,1,01
23240,1,1,2, ,90,06,00,1,04
23276,1,1,4, ,90,12,00,1,04
23278,1,1,4, ,60,03,00,1,08
23278,1,2,3, ,60,02,00,1,01
23279,1,1,4, ,15,02,00,1,04
23282,1,1,2, ,150,20,00,1,02
23285,1,1,5,DE LEÑA,120,08,00,2,08
23286,1,1,4, ,45,00,30,1,04
23291,1,1,4, ,90,02,00,1,02
23297,1,1,2, ,30,08,00,1,01
23315,1,1,5,ESTUFA DE LEÑA,180,03,00,2,02
23319,1,1,5,ESTUFA DEE LEÑA,120,24,00,1,06
23321,1,1,5,ESTUFA DE LEÑA,180,15,00,1,16
23323,1,1,5,ESTUFA DE LEÑA,210,14,00,2,12
23325,1,1,5,COMO UN ABANICO D ASPS PRO NO A VUEKTAS ELECTRICO,2,06,00,1,02
23348,1,1,2, ,30,12,00,1,06
23372,1,1,2, ,2,08,00,2,01
23375,1,1,3, ,120,06,00,1,02
23386,1,1,4, ,60,08,00,1,01
23418,1,1,2, ,30,03,00,1,03
23453,1,1,2, ,95,02,00,1,15
24502,1,2,5,MINISPLIT,30,03,00,1,02
24502,1,3,5,MINISPLIT,30,03,00,1,01
24502,1,1,5,MINISPLIT,30,03,00,1,04
24507,1,1,3, ,30,24,00,1,01
24525,1,1,5,MINI SPLIT,15,08,00,1,04
24535,1,1,2, ,2,05,00,1,01
24539,1,1,5,UTILIZAN EL MINISPLIT,999,03,00,1,99
24543,1,2,2, ,60,01,00,1,04
24543,1,1,5,MINISPLIT,14,06,00,1,03
24547,1,3,5,UTILIZA EL DEL MINIPLIT INVERTER,20,03,00,1,03
24547,1,2,5,UTILIZA EL DEL MINISPLIT INVERTER,20,03,00,1,03
24547,1,1,5,UTILIZA EL DEL MINISPLIT INVERTER,20,03,00,1,03
24548,1,1,3, ,15,07,00,1,99
24549,1,1,5,MINISPLIT,60,08,00,1,02
24549,1,2,5,MINISPLIT,60,08,00,1,02
24549,1,3,5,MINISPLIT,60,08,00,1,02
24550,1,1,5,UTILIZA EL DE MINISPLIT,10,02,00,1,03
24550,1,5,5,UTILIZA EL DE MINISPLIT,10,02,00,1,03
24550,1,2,5,UTILIZA EL DE MINISPLIT,10,02,00,1,03
24550,1,3,5,UTILIZA EL DE MINISPLIT,10,02,00,1,03
24550,1,4,5,UTILIZA EL DE MINISPLIT,10,02,00,1,03
24555,1,1,1, ,15,99,99,2,02
24559,1,1,2, ,10,00,20,2,03
24560,1,1,2, ,15,01,00,1,01
24563,1,2,3, ,999,02,00,1,03
24563,1,1,1, ,999,12,00,1,03
24564,1,1,2, ,30,24,00,2,01
24569,1,1,3, ,30,06,00,1,03
24571,1,2,2, ,30,06,00,2,04
24571,1,1,2, ,30,06,00,1,03
24573,1,1,5,MINISPLIT,30,02,00,1,04
24575,1,1,2, ,7,02,00,2,01
24576,1,2,1, ,90,12,00,1,03
24576,1,1,1, ,90,12,00,1,03
24580,1,1,2, ,30,05,00,1,02
24581,1,1,1, ,15,18,00,1,01
24583,1,1,4, ,10,02,00,1,03
24587,1,1,5,MINISPLIT,90,04,00,1,03
24590,1,1,2, ,25,10,00,1,01
24593,1,1,3, ,30,00,05,1,01
24595,1,1,2, ,60,04,00,2,02
24596,1,1,3, ,30,08,00,1,02
24598,1,1,2, ,3,02,00,1,03
24602,1,1,5,MINISPLIT,5,05,00,1,01
24604,1,1,2, ,4,02,00,1,01
24612,1,1,2, ,15,03,00,1,01
24612,1,2,2, ,15,04,00,1,01
24613,1,1,2, ,10,04,00,1,01
24616,1,1,3, ,90,06,00,1,03
24618,1,1,1, ,10,03,00,1,02
24619,1,2,2, ,8,00,30,1,07
24619,1,1,5,UTILIZO EL DE MINISPLIT,999,08,00,1,03
24621,1,1,5,USA EL DE MINISPLIT,90,10,00,1,05
24627,1,1,2, ,4,02,00,1,01
24628,1,1,2, ,50,03,30,1,03
24629,1,1,5,MINISPLIT,30,22,00,1,99
24630,1,1,2, ,40,10,00,1,01
24632,1,1,1, ,30,24,00,1,01
24634,1,1,2, ,60,08,00,1,07
24635,1,1,2, ,60,06,00,2,03
24636,1,1,2, ,45,04,00,1,01
24638,1,1,5,MINISPLIT,60,24,00,1,03
24638,1,2,5,MINISPLIT,60,24,00,1,03
24639,1,1,2, ,3,04,00,1,03
24639,1,2,2, ,3,04,00,1,03
24648,1,1,1, ,10,04,00,2,02
24649,1,1,2, ,30,03,00,1,01
24650,1,2,2, ,60,04,00,1,02
24650,1,3,2, ,60,06,00,1,01
24650,1,1,2, ,60,04,00,1,04
24652,1,1,2, ,30,05,00,2,02
24653,1,1,1, ,999,24,00,2,06
24662,1,2,2, ,60,12,00,1,02
24662,1,1,4, ,60,24,00,1,15
24662,1,3,2, ,60,12,00,1,02
24669,1,1,2, ,40,12,00,1,03
24671,1,1,5,MINISPLIT INVERTER,8,08,00,1,02
24676,1,1,4, ,60,04,00,1,02
24677,1,1,2, ,3,05,00,2,10
24678,1,2,2, ,2,04,00,1,02
24678,1,1,2, ,2,04,00,1,02
24679,1,1,3, ,10,02,00,1,01
24684,1,1,2, ,20,03,00,1,01
24685,1,1,3, ,30,03,00,1,03
24688,1,1,2, ,90,16,00,2,01
24689,1,1,3, ,60,08,00,2,04
24690,1,1,2, ,30,12,00,1,01
24693,1,1,5,DEL CLIMA CENTRAL,30,05,00,1,18
24698,1,1,1, ,90,08,00,2,02
24700,1,1,2, ,20,05,00,1,02
24701,1,1,5,AIRE CENTRAL,90,08,00,1,13
24706,1,1,5,MINISPLIT DE ENCENDIDO Y APAGADO,15,05,00,1,05
24712,1,1,2, ,30,06,00,2,99
24715,1,1,2, ,15,08,00,1,10
24715,1,2,3, ,15,08,00,1,10
24716,1,1,5,MINISPLIT DE ENCENDIDO Y APAGADO,30,05,00,1,05
24719,1,2,5,MINISPLIT DE ENCENDIDO Y APAGADO,30,03,00,1,05
24719,1,1,5,MINISPLIT ENCENDIDO Y APAGADO,30,03,00,1,05
24722,1,1,5,MINISPLIT DE ENCENDIDO Y APAGADO,90,16,00,1,03
24725,1,1,5,MINISPLIT DE ENCENDIDO Y APAGADO,3,06,00,1,01
24726,1,2,2, ,30,04,00,2,01
24726,1,1,3, ,3,03,00,1,01
24728,1,1,5,EL AIRE DE VENTANA,30,03,00,1,01
24736,1,1,2, ,30,04,00,2,05
24738,1,1,2, ,60,06,00,2,03
24739,1,1,1, ,60,01,00,1,01
24741,1,1,5,MINISPLIT,90,03,00,1,03
24746,1,1,1, ,60,10,00,2,01
24758,1,1,5,MINI SPLIT,60,08,00,1,03
24759,1,1,4, ,80,02,00,1,05
24763,1,3,5,MINISPLIT DE ENCENDIDO Y APAGADO,20,10,00,1,02
24763,1,2,5,MINISPLIT DE ENCENDIDO Y APAGADO,20,10,00,1,02
24763,1,1,5,MINISPLIT ENCENDIDO Y APAGADO,20,10,00,1,01
24765,1,1,2, ,15,08,00,1,01
24765,1,2,2, ,15,08,00,1,01
24769,1,1,5,MINISPLIT,90,24,00,1,02
24770,1,1,5,MISISPLIT,999,12,00,1,06
24772,1,4,3, ,60,24,00,1,04
24772,1,1,1, ,60,24,00,1,01
24772,1,3,2, ,60,24,00,1,01
24772,1,2,1, ,60,24,00,1,01
24773,1,1,5,MINISPLIT,50,04,30,1,01
24779,1,1,2, ,3,02,00,1,01
24785,1,1,3, ,999,24,00,2,01
24797,1,1,1, ,15,05,00,1,03
24811,1,1,5,MINISPLIT,60,12,00,1,06
24812,1,1,5,MINISPLIT INVERTER,90,03,00,1,02
24814,1,3,5,MINISPLIT,7,06,00,1,02
24814,1,2,5,MINISPLIT,7,06,00,1,02
24814,1,1,5,MINISPLIT,7,06,00,1,02
24815,1,1,2, ,60,04,00,1,02
24819,1,1,2, ,30,08,00,1,04
24820,1,1,2, ,5,02,00,1,01
24824,1,1,2, ,4,05,00,1,03
24827,1,1,5,MINISPLIT,60,08,00,1,05
24827,1,2,5,MINISPLIT,60,08,00,1,06
24850,1,1,1, ,6,24,00,2,01
24851,1,1,2, ,10,12,00,1,03
24857,1,1,2, ,30,02,00,1,99
24858,1,1,5,MINISPLIT DE ENCENDIDO Y APAGADO,60,08,00,1,05
24860,1,1,2, ,60,99,99,1,99
24862,1,1,1, ,6,02,00,1,02
24865,1,1,2, ,15,18,00,1,03
24867,1,1,1, ,999,03,00,1,02
24867,1,2,1, ,999,03,00,2,02
24869,1,1,2, ,20,12,00,1,05
24881,1,1,2, ,25,12,00,1,01
24882,1,2,5,MINISPLIT,90,03,30,1,05
24882,1,1,5,MINISPLIT,90,03,30,1,05
24883,1,1,2, ,20,09,00,1,04
24888,1,1,2, ,30,00,30,1,12
24889,1,1,5,USA EL DE MINISPLIT,15,12,00,1,02
24893,1,1,2, ,5,10,00,1,02
24902,1,1,5,MINISPLIT DE ENCENDIDO Y APAGADO,15,06,00,1,06
24906,1,1,5,MINISPLIT,40,01,00,1,03
24926,1,1,2, ,36,03,00,1,02
24945,1,1,5,MINISPLIT,30,24,00,1,01
24947,1,1,5,MINISPLIT,30,05,00,1,06
24967,1,1,2, ,30,02,30,1,01
24979,1,1,5,MINISPLIT DE ENCENDIDO Y APAGADO,30,01,00,1,05
24993,1,2,2, ,45,16,00,1,02
24993,1,1,1, ,45,16,00,1,01
24998,1,1,1, ,10,08,00,1,07
24998,1,2,2, ,10,08,00,1,03
25021,1,1,2, ,8,06,00,1,02
25028,1,1,2, ,30,10,00,1,02
25032,1,1,5,MINISPILIT INVERTER,15,07,00,1,05
25033,1,1,3, ,30,06,00,1,04
25041,1,1,5,MINISPLIT,10,03,00,1,01
25045,1,1,3, ,50,04,00,1,01
25054,1,1,5,MINISPLIT,30,04,00,1,04
25055,1,3,5,MINI SPLIT,60,01,00,1,01
25055,1,2,5,MINI SPLIT,60,02,00,1,02
25055,1,1,5,MINI SPLIT,60,02,00,1,03
25060,1,1,4, ,10,06,00,1,03
25062,1,2,2, ,60,08,00,1,02
25062,1,1,2, ,60,08,00,1,01
25079,1,1,2, ,60,07,00,2,05
25085,1,1,2, ,30,08,00,2,02
25091,1,1,1, ,60,02,00,1,01
25107,1,1,5,MINISPLIT,5,02,00,1,01
25121,1,1,2, ,30,10,00,1,01
25131,1,1,5,MINI SPLIT,30,04,00,1,05
25135,1,1,2, ,2,24,00,1,02
25136,1,1,1, ,6,05,00,1,03
25140,1,1,2, ,6,08,00,1,01
25144,1,1,2, ,75,04,00,2,01
25146,1,1,2, ,60,06,00,2,01
25147,1,2,2, ,30,24,00,1,01
25147,1,1,2, ,30,24,00,1,01
25155,1,1,2, ,5,03,30,2,01
25158,1,1,2, ,15,07,00,2,01
25159,1,1,2, ,40,05,00,2,03
25166,1,1,2, ,30,03,00,2,03
25170,1,1,1, ,15,04,00,2,04
25266,1,1,2, ,30,03,00,1,01
25285,1,1,2, ,9,12,00,1,06
25291,1,1,2, ,30,06,00,2,01
25303,1,1,2, ,15,02,00,2,01
25322,1,1,5,MINI SPLIT,5,03,00,1,02
25325,1,1,2, ,15,00,15,2,03
25328,1,2,1, ,30,02,00,1,01
25328,1,1,1, ,30,02,00,2,12
25331,1,1,5,CALEFACTOR DE AIRE FORZADO,1,00,40,2,01
25332,1,1,2, ,30,10,00,2,02
25353,1,1,5,CALEFACTOR ELECTRICO NO DE TORRE,15,00,20,1,02
25434,1,1,5,CALEFACTOR DE CONVECCION,30,04,00,1,01
25598,1,1,1, ,60,05,00,1,04
25618,1,1,3, ,30,01,00,1,06
25683,1,1,2, ,45,12,00,1,01
25683,1,2,2, ,30,01,00,1,03
25871,1,1,2, ,8,01,30,1,01
25891,1,1,2, ,90,00,40,1,01
25892,1,1,1, ,30,02,00,1,01
25892,1,2,2, ,60,03,00,1,01
25892,1,3,1, ,30,01,00,1,01
25894,1,1,1, ,30,02,00,1,10
25898,1,1,2, ,14,00,30,1,06
25946,1,1,3, ,20,02,00,1,02
25947,1,1,1, ,3,01,00,2,07
25976,1,1,3, ,30,02,00,2,04
25994,1,1,1, ,30,02,00,1,03
26076,1,2,2, ,30,03,00,1,01
26076,1,1,2, ,30,03,00,1,08
26110,1,1,2, ,30,01,00,1,03
26248,1,1,2, ,4,01,30,1,13
26334,1,1,1, ,10,03,00,2,02
26340,1,1,3, ,30,02,00,1,04
26346,1,1,2, ,10,02,00,1,06
26367,1,1,1, ,30,00,30,1,01
26369,1,1,1, ,15,05,00,1,01
26380,1,1,3, ,40,05,00,1,04
26393,1,1,2, ,3,06,00,1,02
26407,1,1,3, ,10,05,00,1,07
26986,1,1,2, ,10,01,00,2,05
27199,1,1,9, ,30,06,00,1,03
28048,1,1,3, ,6,02,00,1,07
28052,1,1,2, ,6,00,40,1,19
28078,1,1,2, ,15,03,00,1,05
28084,1,1,2, ,8,12,00,1,01
28095,1,1,2, ,5,03,00,1,03
28110,1,1,2, ,60,08,00,1,02
28111,1,1,4, ,60,03,00,1,15
28121,1,1,3, ,10,02,00,2,01
28123,1,1,2, ,4,02,00,1,99
28125,1,1,2, ,20,01,00,1,01
28134,1,1,3, ,1,03,00,2,99
28148,1,1,2, ,30,02,00,2,03
28153,1,1,3, ,30,01,00,1,01
28156,1,1,1, ,6,04,00,1,10
28157,1,1,4, ,2,20,00,1,06
28165,1,1,4, ,10,02,00,1,10
28172,1,1,4, ,60,03,00,1,03
28172,1,2,4, ,60,03,00,1,03
28173,1,1,4, ,45,03,00,1,30
28174,1,1,1, ,20,05,00,2,05
28179,1,1,2, ,5,02,00,1,01
28188,1,1,1, ,15,01,00,1,12
28190,1,1,2, ,30,01,00,1,04
28198,1,1,3, ,60,02,00,1,01
28200,1,1,4, ,999,01,00,1,04
28233,1,1,2, ,60,03,00,2,99
28236,1,1,1, ,10,04,00,1,15
28238,1,1,2, ,15,02,00,2,05
28243,1,1,4, ,60,00,30,1,02
28245,1,1,3, ,60,02,00,1,04
28246,1,1,3, ,6,01,00,1,05
28259,1,1,1, ,6,04,00,1,02
28311,1,1,2, ,90,00,30,2,02
28318,1,1,2, ,60,02,00,2,10
28326,1,1,2, ,20,06,00,1,03
28348,1,1,2, ,40,03,00,2,03
28357,1,1,3, ,15,03,00,1,01
28362,1,1,1, ,3,01,00,1,01
28368,1,1,1, ,1,06,00,1,01
28378,1,1,1, ,20,02,00,1,05
28410,1,1,2, ,30,04,00,1,01
28414,1,1,4, ,60,03,00,1,09
28427,1,1,3, ,7,00,20,2,08
28433,1,1,2, ,60,02,30,1,02
28434,1,1,2, ,30,02,00,1,03
28457,1,1,2, ,7,00,30,1,02
28480,1,1,2, ,4,06,00,1,07
28514,1,3,2, ,30,01,00,1,07
28514,1,2,3, ,30,02,00,1,06
28514,1,1,2, ,30,02,00,1,01
28541,1,2,3, ,30,02,00,1,01
28541,1,1,1, ,30,01,30,1,04
28542,1,1,2, ,60,02,00,2,10
28558,1,1,1, ,120,01,30,2,15
28570,1,1,1, ,5,02,00,1,14
28599,1,1,2, ,1,12,00,1,01
28606,1,1,1, ,15,02,00,2,04
28608,1,1,2, ,10,03,00,1,15
28610,1,1,2, ,30,00,15,2,10
28616,1,1,4, ,100,02,00,1,04
28630,1,1,3, ,30,06,00,1,01
28677,1,1,2, ,2,02,00,2,99
28715,1,1,2, ,999,02,00,1,02
28738,1,1,1, ,60,00,20,1,08
28777,1,1,1, ,2,05,00,2,03
28803,1,1,2, ,2,10,00,1,02
28808,1,1,2, ,15,08,00,2,99
28830,1,1,2, ,15,08,00,2,99
28850,1,1,1, ,10,01,00,1,07
28870,1,1,1, ,1,01,00,2,06
28901,1,1,2, ,7,04,00,1,10
